
> agro-connect-frontend@0.1.0 dev
> vite


  [32m[1mVITE[22m v5.4.21[39m  [2mready in [0m[1m356[22m[2m[0m ms[22m

  [32m➜[39m  [1mLocal[22m:   [36mhttp://localhost:[1m5173[22m/[39m
[2m  [32m➜[39m  [1mNetwork[22m[2m: use [22m[1m--host[22m[2m to expose[22m
[2m2:47:43 pm[22m [36m[1m[vite][22m[39m [32mpage reload [39m[2msrc/redux/slices/demandSlice.js[22m
[2m2:47:50 pm[22m [36m[1m[vite][22m[39m [32mpage reload [39m[2msrc/redux/slices/demandSlice.js[22m
[2m2:47:58 pm[22m [36m[1m[vite][22m[39m [32mpage reload [39m[2msrc/redux/slices/demandSlice.js[22m
[2m2:48:13 pm[22m [36m[1m[vite][22m[39m [32mhmr update [39m[2m/src/pages/FarmerDashboard.jsx, /src/index.css[22m
[2m2:49:33 pm[22m [36m[1m[vite][22m[39m [32mhmr update [39m[2m/src/pages/BuyerDashboard.jsx, /src/index.css[22m
[2m2:49:44 pm[22m [36m[1m[vite][22m[39m [32mhmr update [39m[2m/src/pages/BuyerDashboard.jsx, /src/index.css[22m
[2m2:49:49 pm[22m [36m[1m[vite][22m[39m [32mhmr update [39m[2m/src/pages/BuyerDashboard.jsx, /src/index.css[22m
[2m2:50:36 pm[22m [36m[1m[vite][22m[39m [32mhmr update [39m[2m/src/App.jsx, /src/index.css[22m
[2m2:50:42 pm[22m [36m[1m[vite][22m[39m [32mhmr update [39m[2m/src/App.jsx, /src/index.css[22m
[2m2:50:49 pm[22m [36m[1m[vite][22m[39m [32mhmr update [39m[2m/src/App.jsx, /src/index.css[22m
[2m3:03:33 pm[22m [36m[1m[vite][22m[39m [32mhmr update [39m[2m/src/pages/DemandDetails.jsx, /src/index.css[22m
[2m3:07:14 pm[22m [36m[1m[vite][22m[39m [32mhmr update [39m[2m/src/pages/CreateDemand.jsx, /src/index.css[22m
[2m3:07:21 pm[22m [36m[1m[vite][22m[39m [32mhmr update [39m[2m/src/pages/BuyerMyDemands.jsx, /src/index.css[22m
[2m3:07:31 pm[22m [36m[1m[vite][22m[39m [32mhmr update [39m[2m/src/pages/BuyerMyDemands.jsx, /src/index.css[22m
[2m3:14:53 pm[22m [36m[1m[vite][22m[39m [32mpage reload [39m[2msrc/redux/slices/authSlice.js[22m
[2m3:15:01 pm[22m [36m[1m[vite][22m[39m [32mpage reload [39m[2msrc/api/axios.js[22m
[2m3:15:40 pm[22m [36m[1m[vite][22m[39m [32mhmr update [39m[2m/src/pages/Login.jsx, /src/index.css[22m
[2m3:16:06 pm[22m [36m[1m[vite][22m[39m [32mhmr update [39m[2m/src/App.jsx, /src/index.css[22m
[2m3:16:07 pm[22m [36m[1m[vite][22m[39m [32mhmr update [39m[2m/src/App.jsx, /src/index.css[22m
[2m3:17:02 pm[22m [36m[1m[vite][22m[39m [32mhmr update [39m[2m/src/components/TopBar.jsx, /src/index.css[22m
[2m4:52:10 pm[22m [36m[1m[vite][22m[39m [32mpage reload [39m[2msrc/redux/slices/marketPriceSlice.js[22m
[2m4:52:10 pm[22m [36m[1m[vite][22m[39m [32mpage reload [39m[2msrc/redux/slices/logisticsSlice.js[22m
[2m4:52:10 pm[22m [36m[1m[vite][22m[39m [32mpage reload [39m[2msrc/redux/slices/logisticsSlice.js[22m
[2m4:52:29 pm[22m [36m[1m[vite][22m[39m [32mhmr update [39m[2m/src/pages/Opportunities.jsx, /src/index.css[22m
[2m4:52:29 pm[22m [36m[1m[vite][22m[39m [32mhmr update [39m[2m/src/pages/Opportunities.jsx, /src/index.css[22m
[2m4:52:29 pm[22m [36m[1m[vite][22m[39m [32mhmr update [39m[2m/src/pages/Opportunities.jsx, /src/index.css[22m
[2m4:52:44 pm[22m [36m[1m[vite][22m[39m [32mhmr update [39m[2m/src/pages/DecisionSupport.jsx, /src/index.css[22m
[2m4:52:44 pm[22m [36m[1m[vite][22m[39m [32mhmr update [39m[2m/src/pages/DecisionSupport.jsx, /src/index.css[22m
[2m4:52:44 pm[22m [36m[1m[vite][22m[39m [32mhmr update [39m[2m/src/pages/DecisionSupport.jsx, /src/index.css[22m
[2m4:52:57 pm[22m [36m[1m[vite][22m[39m [32mhmr update [39m[2m/src/pages/MarketPrices.jsx, /src/index.css[22m
[2m4:52:57 pm[22m [36m[1m[vite][22m[39m [32mhmr update [39m[2m/src/pages/MarketPrices.jsx, /src/index.css[22m
[2m4:52:57 pm[22m [36m[1m[vite][22m[39m [32mhmr update [39m[2m/src/pages/MarketPrices.jsx, /src/index.css[22m
[2m4:52:57 pm[22m [36m[1m[vite][22m[39m [32mhmr update [39m[2m/src/pages/MarketPrices.jsx, /src/index.css[22m
[2m4:52:58 pm[22m [36m[1m[vite][22m[39m [32mhmr update [39m[2m/src/pages/MarketPrices.jsx, /src/index.css[22m
[2m4:53:15 pm[22m [36m[1m[vite][22m[39m [32mhmr update [39m[2m/src/pages/MarketPrices.jsx, /src/index.css[22m
[2m5:37:22 pm[22m [36m[1m[vite][22m[39m [32mhmr update [39m[2m/src/pages/DecisionSupport.jsx, /src/index.css[22m
[2m5:37:32 pm[22m [36m[1m[vite][22m[39m [32mhmr update [39m[2m/src/pages/DecisionSupport.jsx, /src/index.css[22m
[2m5:37:43 pm[22m [36m[1m[vite][22m[39m [32mhmr update [39m[2m/src/pages/DecisionSupport.jsx, /src/index.css[22m
[2m5:37:59 pm[22m [36m[1m[vite][22m[39m [32mhmr update [39m[2m/src/pages/Opportunities.jsx, /src/index.css[22m
[2m5:38:28 pm[22m [36m[1m[vite][22m[39m [32mhmr update [39m[2m/src/pages/Opportunities.jsx, /src/index.css[22m
[2m5:39:02 pm[22m [36m[1m[vite][22m[39m [32mpage reload [39m[2msrc/redux/slices/authSlice.js[22m
[2m6:25:30 pm[22m [36m[1m[vite][22m[39m [32mpage reload [39m[2msrc/redux/slices/healthSlice.js[22m
[2m6:25:45 pm[22m [36m[1m[vite][22m[39m [32mhmr update [39m[2m/src/pages/Landing.jsx, /src/index.css[22m
[2m6:35:54 pm[22m [36m[1m[vite][22m[39m [32mhmr update [39m[2m/src/pages/DecisionSupport.jsx, /src/index.css[22m
[2m5:24:03 pm[22m [36m[1m[vite][22m[39m [32mpage reload [39m[2mAgro-connect-prototype/index.html[22m
[2m7:48:32 pm[22m [36m[1m[vite][22m[39m [32mpage reload [39m[2mAgro-connect-prototype/dist/index.html[22m
[2m10:30:11 pm[22m [36m[1m[vite][22m[39m [32mpage reload [39m[2mAgro-connect-prototype/dist/index.html[22m
[2m10:46:33 pm[22m [36m[1m[vite][22m[39m [32mpage reload [39m[2mtailwind.config.js[22m
[2m10:46:55 pm[22m [36m[1m[vite][22m[39m [32mhmr update [39m[2m/src/index.css[22m
[2m10:47:03 pm[22m [36m[1m[vite][22m[39m [32mpage reload [39m[2mindex.html[22m
[2m10:49:02 pm[22m [36m[1m[vite][22m[39m [32mhmr update [39m[2m/src/components/TopBar.jsx, /src/index.css[22m
[2m10:50:57 pm[22m [36m[1m[vite][22m[39m [32mhmr update [39m[2m/src/pages/FarmerDashboard.jsx, /src/index.css[22m
[2m10:51:31 pm[22m [36m[1m[vite][22m[39m [32mpage reload [39m[2msrc/redux/slices/cropLotSlice.js[22m
[2m10:51:38 pm[22m [36m[1m[vite][22m[39m [32mpage reload [39m[2msrc/redux/slices/cropLotSlice.js[22m
[2m10:52:50 pm[22m [36m[1m[vite][22m[39m [32mhmr update [39m[2m/src/index.css[22m
[2m10:53:14 pm[22m [36m[1m[vite][22m[39m [32mhmr update [39m[2m/src/index.css[22m
[2m10:55:08 pm[22m [36m[1m[vite][22m[39m [32mhmr update [39m[2m/src/index.css[22m
[2m10:55:13 pm[22m [36m[1m[vite][22m[39m [32mhmr update [39m[2m/src/index.css[22m
[2m10:59:27 pm[22m [36m[1m[vite][22m[39m [32mhmr update [39m[2m/src/App.jsx, /src/index.css[22m
[2m10:59:37 pm[22m [36m[1m[vite][22m[39m [32mhmr update [39m[2m/src/App.jsx, /src/index.css[22m
[2m10:59:51 pm[22m [36m[1m[vite][22m[39m [32mpage reload [39m[2msrc/pages/FPODashboard.jsx[22m
[2m11:00:21 pm[22m [36m[1m[vite][22m[39m [32mpage reload [39m[2msrc/pages/FPODashboard.jsx[22m
[2m11:00:31 pm[22m [36m[1m[vite][22m[39m [32mpage reload [39m[2msrc/pages/FPODashboard.jsx[22m
[2m11:00:48 pm[22m [36m[1m[vite][22m[39m [32mhmr update [39m[2m/src/pages/FPOs.jsx, /src/index.css[22m
[2m11:00:48 pm[22m [36m[1m[vite][22m[39m [32mhmr update [39m[2m/src/pages/FPOs.jsx, /src/index.css[22m
[2m11:01:26 pm[22m [36m[1m[vite][22m[39m [32mhmr update [39m[2m/src/pages/FPOs.jsx, /src/index.css[22m
[2m11:01:35 pm[22m [36m[1m[vite][22m[39m [32mhmr update [39m[2m/src/pages/FPOs.jsx, /src/index.css[22m
[2m11:02:07 pm[22m [36m[1m[vite][22m[39m [32mhmr update [39m[2m/src/pages/DemandDetails.jsx, /src/index.css[22m
[2m11:02:07 pm[22m [36m[1m[vite][22m[39m [32mhmr update [39m[2m/src/pages/DemandDetails.jsx, /src/index.css[22m
[2m11:02:07 pm[22m [36m[1m[vite][22m[39m [32mhmr update [39m[2m/src/pages/DemandDetails.jsx, /src/index.css[22m
[2m11:09:10 pm[22m [36m[1m[vite][22m[39m [32mhmr update [39m[2m/src/pages/BuyerMyDemands.jsx, /src/index.css[22m
[2m11:09:10 pm[22m [36m[1m[vite][22m[39m [32mhmr update [39m[2m/src/pages/BuyerMyDemands.jsx, /src/index.css[22m
[2m11:09:36 pm[22m [36m[1m[vite][22m[39m [32mhmr update [39m[2m/src/pages/FarmerDemands.jsx, /src/index.css[22m
[2m11:09:36 pm[22m [36m[1m[vite][22m[39m [32mhmr update [39m[2m/src/pages/FarmerDemands.jsx, /src/index.css[22m
[2m11:09:50 pm[22m [36m[1m[vite][22m[39m [32mhmr update [39m[2m/src/pages/SellerDashboard.jsx, /src/index.css[22m
[2m11:09:57 pm[22m [36m[1m[vite][22m[39m [32mhmr update [39m[2m/src/pages/SellerDashboard.jsx, /src/index.css[22m
[2m11:10:19 pm[22m [36m[1m[vite][22m[39m [32mhmr update [39m[2m/src/pages/SellerDashboard.jsx, /src/index.css[22m
[2m11:10:26 pm[22m [36m[1m[vite][22m[39m [32mhmr update [39m[2m/src/pages/SellerDashboard.jsx, /src/index.css[22m
[2m11:10:32 pm[22m [36m[1m[vite][22m[39m [32mhmr update [39m[2m/src/pages/SellerDashboard.jsx, /src/index.css[22m
[2m11:10:57 pm[22m [36m[1m[vite][22m[39m [32mhmr update [39m[2m/src/pages/BuyerDashboard.jsx, /src/index.css[22m
[2m11:10:57 pm[22m [36m[1m[vite][22m[39m [32mhmr update [39m[2m/src/pages/BuyerDashboard.jsx, /src/index.css[22m
[2m11:11:47 pm[22m [36m[1m[vite][22m[39m [32mhmr update [39m[2m/src/pages/SellerDashboard.jsx, /src/index.css[22m
[2m11:12:31 pm[22m [36m[1m[vite][22m[39m [32mhmr update [39m[2m/src/pages/FarmerDemands.jsx, /src/index.css[22m
[2m11:21:59 pm[22m [36m[1m[vite][22m[39m [32mhmr update [39m[2m/src/App.jsx, /src/index.css[22m
[2m11:21:59 pm[22m [36m[1m[vite][22m[39m [32mhmr update [39m[2m/src/App.jsx, /src/index.css[22m
[2m11:22:05 pm[22m [36m[1m[vite][22m[39m [32mhmr update [39m[2m/src/pages/FarmerDashboard.jsx, /src/index.css[22m
[2m11:22:05 pm[22m [36m[1m[vite][22m[39m [32mhmr update [39m[2m/src/pages/FarmerDashboard.jsx, /src/index.css[22m
[2m11:23:39 pm[22m [36m[1m[vite][22m[39m [32mhmr update [39m[2m/src/pages/CreateCropLot.jsx, /src/index.css[22m
[2m11:24:10 pm[22m [36m[1m[vite][22m[39m [32mhmr update [39m[2m/src/pages/MarketPrices.jsx, /src/index.css[22m
[2m11:25:50 pm[22m [36m[1m[vite][22m[39m [32mhmr update [39m[2m/src/pages/Opportunities.jsx, /src/index.css[22m
[2m11:26:22 pm[22m [36m[1m[vite][22m[39m [32mhmr update [39m[2m/src/pages/Quality.jsx, /src/index.css[22m
[2m11:27:06 pm[22m [36m[1m[vite][22m[39m [32mhmr update [39m[2m/src/pages/DecisionSupport.jsx, /src/index.css[22m
[2m11:27:26 pm[22m [36m[1m[vite][22m[39m [32mhmr update [39m[2m/src/pages/BuyerMatch.jsx, /src/index.css[22m
[2m11:27:43 pm[22m [36m[1m[vite][22m[39m [32mhmr update [39m[2m/src/pages/Offers.jsx, /src/index.css[22m
[2m11:28:05 pm[22m [36m[1m[vite][22m[39m [32mhmr update [39m[2m/src/pages/OfferDetail.jsx, /src/index.css[22m
[2m11:28:32 pm[22m [36m[1m[vite][22m[39m [32mhmr update [39m[2m/src/pages/Deal.jsx, /src/index.css[22m
[2m11:29:10 pm[22m [36m[1m[vite][22m[39m [32mhmr update [39m[2m/src/pages/CropLotDetail.jsx, /src/index.css[22m
[2m11:30:17 pm[22m [36m[1m[vite][22m[39m [32mhmr update [39m[2m/src/pages/CropLotDetail.jsx, /src/index.css[22m
[2m11:30:22 pm[22m [36m[1m[vite][22m[39m [32mhmr update [39m[2m/src/pages/CropLotDetail.jsx, /src/index.css[22m
[2m11:33:58 pm[22m [36m[1m[vite][22m[39m [32mhmr update [39m[2m/src/pages/BuyerMyDemands.jsx, /src/index.css[22m
[2m11:34:16 pm[22m [36m[1m[vite][22m[39m [32mhmr update [39m[2m/src/pages/FarmerDemands.jsx, /src/index.css[22m
[2m11:34:55 pm[22m [36m[1m[vite][22m[39m [32mhmr update [39m[2m/src/pages/DemandDetails.jsx, /src/index.css[22m
[2m11:35:25 pm[22m [36m[1m[vite][22m[39m [32mhmr update [39m[2m/src/pages/BuyerDashboard.jsx, /src/index.css[22m
[2m11:39:31 pm[22m [36m[1m[vite][22m[39m [32mhmr update [39m[2m/src/pages/FPOs.jsx, /src/index.css[22m
[2m11:41:01 pm[22m [36m[1m[vite][22m[39m [32mpage reload [39m[2msrc/pages/FPODashboard.jsx[22m
[2m11:46:01 pm[22m [36m[1m[vite][22m[39m [32mhmr update [39m[2m/src/pages/Deal.jsx, /src/index.css[22m
[2m11:46:01 pm[22m [36m[1m[vite][22m[39m [32mhmr update [39m[2m/src/pages/CropLotDetail.jsx, /src/index.css[22m
[2m11:46:01 pm[22m [36m[1m[vite][22m[39m [32mhmr update [39m[2m/src/pages/CreateCropLot.jsx, /src/index.css[22m
[2m11:46:01 pm[22m [36m[1m[vite][22m[39m [32mhmr update [39m[2m/src/pages/Quality.jsx, /src/index.css[22m
[2m11:46:01 pm[22m [36m[1m[vite][22m[39m [32mhmr update [39m[2m/src/pages/BuyerMatch.jsx, /src/index.css[22m
[2m11:46:01 pm[22m [36m[1m[vite][22m[39m [32mhmr update [39m[2m/src/pages/OfferDetail.jsx, /src/index.css[22m
[2m11:46:01 pm[22m [36m[1m[vite][22m[39m [32mhmr update [39m[2m/src/pages/DecisionSupport.jsx, /src/index.css[22m
[2m11:46:01 pm[22m [36m[1m[vite][22m[39m [32mhmr update [39m[2m/src/pages/Offers.jsx, /src/index.css[22m
[2m11:46:56 pm[22m [36m[1m[vite][22m[39m [32mhmr update [39m[2m/src/pages/SellerDashboard.jsx, /src/index.css[22m
[2m11:46:56 pm[22m [36m[1m[vite][22m[39m [32mhmr update [39m[2m/src/pages/SellerDashboard.jsx, /src/index.css[22m
[2m11:46:56 pm[22m [36m[1m[vite][22m[39m [32mhmr update [39m[2m/src/pages/FarmerDashboard.jsx, /src/index.css[22m
[2m11:52:50 pm[22m [36m[1m[vite][22m[39m [32mhmr update [39m[2m/src/pages/FarmerDashboard.jsx, /src/index.css[22m
[2m11:53:06 pm[22m [36m[1m[vite][22m[39m [32mhmr update [39m[2m/src/pages/Landing.jsx, /src/index.css[22m
[2m11:53:06 pm[22m [36m[1m[vite][22m[39m [32mhmr update [39m[2m/src/pages/Landing.jsx, /src/index.css[22m
[2m11:53:06 pm[22m [36m[1m[vite][22m[39m [32mhmr update [39m[2m/src/pages/Landing.jsx, /src/index.css[22m
[2m11:53:16 pm[22m [36m[1m[vite][22m[39m [32mhmr update [39m[2m/src/pages/Login.jsx, /src/index.css[22m
[2m11:53:16 pm[22m [36m[1m[vite][22m[39m [32mhmr update [39m[2m/src/pages/Login.jsx, /src/index.css[22m
[2m11:53:17 pm[22m [36m[1m[vite][22m[39m [32mhmr update [39m[2m/src/pages/Login.jsx, /src/index.css[22m
[2m11:53:23 pm[22m [36m[1m[vite][22m[39m [32mhmr update [39m[2m/src/pages/BuyerDashboard.jsx, /src/index.css[22m
[2m11:53:23 pm[22m [36m[1m[vite][22m[39m [32mhmr update [39m[2m/src/pages/BuyerDashboard.jsx, /src/index.css[22m
[2m11:56:05 pm[22m [36m[1m[vite][22m[39m [32mhmr update [39m[2m/src/pages/Register.jsx, /src/index.css[22m
[2m11:56:05 pm[22m [36m[1m[vite][22m[39m [32mhmr update [39m[2m/src/pages/Register.jsx, /src/index.css[22m
[2m11:56:05 pm[22m [36m[1m[vite][22m[39m [32mhmr update [39m[2m/src/pages/RoleSelect.jsx, /src/index.css[22m
[2m11:56:05 pm[22m [36m[1m[vite][22m[39m [32mhmr update [39m[2m/src/pages/RoleSelect.jsx, /src/index.css[22m
[2m11:56:05 pm[22m [36m[1m[vite][22m[39m [32mhmr update [39m[2m/src/pages/RoleSelect.jsx, /src/index.css[22m
[2m11:56:05 pm[22m [36m[1m[vite][22m[39m [32mhmr update [39m[2m/src/pages/CreateCropLot.jsx, /src/index.css[22m
[2m11:56:05 pm[22m [36m[1m[vite][22m[39m [32mhmr update [39m[2m/src/pages/CreateCropLot.jsx, /src/index.css[22m
[2m11:56:05 pm[22m [36m[1m[vite][22m[39m [32mhmr update [39m[2m/src/pages/MarketPrices.jsx, /src/index.css[22m
[2m11:56:05 pm[22m [36m[1m[vite][22m[39m [32mhmr update [39m[2m/src/pages/MarketPrices.jsx, /src/index.css[22m
[2m11:56:45 pm[22m [36m[1m[vite][22m[39m [32mhmr update [39m[2m/src/pages/Register.jsx, /src/index.css[22m
[2m11:57:06 pm[22m [36m[1m[vite][22m[39m [32mhmr update [39m[2m/src/pages/CropLotDetail.jsx, /src/index.css[22m
[2m11:57:06 pm[22m [36m[1m[vite][22m[39m [32mhmr update [39m[2m/src/pages/CropLotDetail.jsx, /src/index.css[22m
[2m11:57:07 pm[22m [36m[1m[vite][22m[39m [32mhmr update [39m[2m/src/pages/OfferDetail.jsx, /src/index.css[22m
[2m11:57:07 pm[22m [36m[1m[vite][22m[39m [32mhmr update [39m[2m/src/pages/OfferDetail.jsx, /src/index.css[22m
[2m11:57:36 pm[22m [36m[1m[vite][22m[39m [32mhmr update [39m[2m/src/pages/Opportunities.jsx, /src/index.css[22m
[2m11:57:36 pm[22m [36m[1m[vite][22m[39m [32mhmr update [39m[2m/src/pages/Opportunities.jsx, /src/index.css[22m
[2m11:57:36 pm[22m [36m[1m[vite][22m[39m [32mhmr update [39m[2m/src/pages/Buyers.jsx, /src/index.css[22m
[2m11:57:36 pm[22m [36m[1m[vite][22m[39m [32mhmr update [39m[2m/src/pages/Buyers.jsx, /src/index.css[22m
[2m11:57:36 pm[22m [36m[1m[vite][22m[39m [32mhmr update [39m[2m/src/pages/Buyers.jsx, /src/index.css[22m
[2m11:57:57 pm[22m [36m[1m[vite][22m[39m [32mhmr update [39m[2m/src/pages/Buyers.jsx, /src/index.css[22m
[2m11:58:08 pm[22m [36m[1m[vite][22m[39m [32mhmr update [39m[2m/src/pages/BuyerMatch.jsx, /src/index.css[22m
[2m11:58:08 pm[22m [36m[1m[vite][22m[39m [32mhmr update [39m[2m/src/pages/BuyerMatch.jsx, /src/index.css[22m
[2m11:58:08 pm[22m [36m[1m[vite][22m[39m [32mhmr update [39m[2m/src/pages/Quality.jsx, /src/index.css[22m
[2m11:58:08 pm[22m [36m[1m[vite][22m[39m [32mhmr update [39m[2m/src/pages/Quality.jsx, /src/index.css[22m
[2m11:58:08 pm[22m [36m[1m[vite][22m[39m [32mhmr update [39m[2m/src/pages/Deal.jsx, /src/index.css[22m
[2m11:58:08 pm[22m [36m[1m[vite][22m[39m [32mhmr update [39m[2m/src/pages/Deal.jsx, /src/index.css[22m
[2m11:58:43 pm[22m [36m[1m[vite][22m[39m [32mhmr update [39m[2m/src/pages/BrowseLots.jsx, /src/index.css[22m
[2m11:58:43 pm[22m [36m[1m[vite][22m[39m [32mhmr update [39m[2m/src/pages/BrowseLots.jsx, /src/index.css[22m
[2m11:58:43 pm[22m [36m[1m[vite][22m[39m [32mhmr update [39m[2m/src/pages/BrowseLots.jsx, /src/index.css[22m
[2m11:58:43 pm[22m [36m[1m[vite][22m[39m [32mhmr update [39m[2m/src/pages/MyOffers.jsx, /src/index.css[22m
[2m11:58:44 pm[22m [36m[1m[vite][22m[39m [32mhmr update [39m[2m/src/pages/MyOffers.jsx, /src/index.css[22m
[2m11:58:44 pm[22m [36m[1m[vite][22m[39m [32mhmr update [39m[2m/src/pages/MyOffers.jsx, /src/index.css[22m
[2m11:58:44 pm[22m [36m[1m[vite][22m[39m [32mhmr update [39m[2m/src/pages/MyDeals.jsx, /src/index.css[22m
[2m11:58:44 pm[22m [36m[1m[vite][22m[39m [32mhmr update [39m[2m/src/pages/MyDeals.jsx, /src/index.css[22m
[2m11:58:44 pm[22m [36m[1m[vite][22m[39m [32mhmr update [39m[2m/src/pages/CreateDemand.jsx, /src/index.css[22m
[2m11:58:44 pm[22m [36m[1m[vite][22m[39m [32mhmr update [39m[2m/src/pages/CreateDemand.jsx, /src/index.css[22m
[2m11:58:44 pm[22m [36m[1m[vite][22m[39m [32mhmr update [39m[2m/src/pages/BuyerOfferDetail.jsx, /src/index.css[22m
[2m11:58:44 pm[22m [36m[1m[vite][22m[39m [32mhmr update [39m[2m/src/pages/BuyerOfferDetail.jsx, /src/index.css[22m
[2m11:59:12 pm[22m [36m[1m[vite][22m[39m [32mhmr update [39m[2m/src/pages/FarmerDemands.jsx, /src/index.css[22m
[2m11:59:12 pm[22m [36m[1m[vite][22m[39m [32mhmr update [39m[2m/src/pages/FarmerDemands.jsx, /src/index.css[22m
[2m11:59:12 pm[22m [36m[1m[vite][22m[39m [32mhmr update [39m[2m/src/pages/BuyerMyDemands.jsx, /src/index.css[22m
[2m11:59:12 pm[22m [36m[1m[vite][22m[39m [32mhmr update [39m[2m/src/pages/BuyerMyDemands.jsx, /src/index.css[22m
[2m11:59:12 pm[22m [36m[1m[vite][22m[39m [32mhmr update [39m[2m/src/pages/DemandDetails.jsx, /src/index.css[22m
[2m11:59:12 pm[22m [36m[1m[vite][22m[39m [32mhmr update [39m[2m/src/pages/DemandDetails.jsx, /src/index.css[22m
[2m11:59:12 pm[22m [36m[1m[vite][22m[39m [32mhmr update [39m[2m/src/pages/FPOs.jsx, /src/index.css[22m
[2m11:59:12 pm[22m [36m[1m[vite][22m[39m [32mpage reload [39m[2msrc/pages/FPODashboard.jsx[22m
[2m11:59:29 pm[22m [36m[1m[vite][22m[39m [32mhmr update [39m[2m/src/pages/FPOs.jsx, /src/index.css[22m
[2m11:59:29 pm[22m [36m[1m[vite][22m[39m [32mpage reload [39m[2msrc/pages/FPODashboard.jsx[22m
[2m11:59:38 pm[22m [36m[1m[vite][22m[39m [32mhmr update [39m[2m/src/pages/Offers.jsx, /src/index.css[22m
[2m11:59:38 pm[22m [36m[1m[vite][22m[39m [32mhmr update [39m[2m/src/pages/Offers.jsx, /src/index.css[22m
[2m11:59:38 pm[22m [36m[1m[vite][22m[39m [32mhmr update [39m[2m/src/pages/DecisionSupport.jsx, /src/index.css[22m
[2m11:59:38 pm[22m [36m[1m[vite][22m[39m [32mhmr update [39m[2m/src/pages/DecisionSupport.jsx, /src/index.css[22m
[2m12:01:17 am[22m [36m[1m[vite][22m[39m [32mhmr update [39m[2m/src/pages/BuyerOfferDetail.jsx, /src/index.css[22m
[2m12:01:17 am[22m [36m[1m[vite][22m[39m [32mhmr update [39m[2m/src/pages/BuyerOfferDetail.jsx, /src/index.css[22m
[2m12:01:17 am[22m [36m[1m[vite][22m[39m [32mhmr update [39m[2m/src/pages/CreateDemand.jsx, /src/index.css[22m
[2m12:01:17 am[22m [36m[1m[vite][22m[39m [32mhmr update [39m[2m/src/pages/CreateDemand.jsx, /src/index.css[22m
[2m12:01:17 am[22m [36m[1m[vite][22m[39m [32mhmr update [39m[2m/src/pages/MyDeals.jsx, /src/index.css[22m
[2m12:01:18 am[22m [36m[1m[vite][22m[39m [32mhmr update [39m[2m/src/pages/MyDeals.jsx, /src/index.css[22m
[2m12:01:28 am[22m [36m[1m[vite][22m[39m [32mhmr update [39m[2m/src/pages/SellerDashboard.jsx, /src/index.css[22m
[2m12:01:34 am[22m [36m[1m[vite][22m[39m [32mhmr update [39m[2m/src/pages/SellerDashboard.jsx, /src/index.css[22m
[2m12:11:41 am[22m [36m[1m[vite][22m[39m [32mpage reload [39m[2mtailwind.config.js[22m
[2m12:11:50 am[22m [36m[1m[vite][22m[39m [32mhmr update [39m[2m/src/index.css[22m
[2m12:12:24 am[22m [36m[1m[vite][22m[39m [32mhmr update [39m[2m/src/pages/DecisionSupport.jsx, /src/index.css[22m
[2m12:12:30 am[22m [36m[1m[vite][22m[39m [32mhmr update [39m[2m/src/pages/DecisionSupport.jsx, /src/index.css[22m
[2m12:12:50 am[22m [36m[1m[vite][22m[39m [32mhmr update [39m[2m/src/pages/MarketPrices.jsx, /src/index.css[22m
[2m12:12:56 am[22m [36m[1m[vite][22m[39m [32mhmr update [39m[2m/src/pages/MarketPrices.jsx, /src/index.css[22m
[2m12:13:11 am[22m [36m[1m[vite][22m[39m [32mhmr update [39m[2m/src/pages/Offers.jsx, /src/index.css[22m
[2m12:13:21 am[22m [36m[1m[vite][22m[39m [32mhmr update [39m[2m/src/pages/BuyerMatch.jsx, /src/index.css[22m
[2m12:14:48 am[22m [36m[1m[vite][22m[39m [32mhmr update [39m[2m/src/pages/MyDeals.jsx, /src/index.css[22m
[2m12:15:01 am[22m [36m[1m[vite][22m[39m [32mhmr update [39m[2m/src/pages/MyDeals.jsx, /src/index.css[22m
[2m12:15:12 am[22m [36m[1m[vite][22m[39m [32mhmr update [39m[2m/src/pages/CreateDemand.jsx, /src/index.css[22m
[2m12:15:18 am[22m [36m[1m[vite][22m[39m [32mhmr update [39m[2m/src/pages/CreateDemand.jsx, /src/index.css[22m
[2m12:15:28 am[22m [36m[1m[vite][22m[39m [32mhmr update [39m[2m/src/pages/CreateDemand.jsx, /src/index.css[22m
[2m12:15:34 am[22m [36m[1m[vite][22m[39m [32mhmr update [39m[2m/src/pages/BuyerOfferDetail.jsx, /src/index.css[22m
[2m12:15:43 am[22m [36m[1m[vite][22m[39m [32mhmr update [39m[2m/src/pages/BuyerOfferDetail.jsx, /src/index.css[22m
[2m12:15:55 am[22m [36m[1m[vite][22m[39m [32mhmr update [39m[2m/src/pages/BuyerOfferDetail.jsx, /src/index.css[22m
[2m12:16:15 am[22m [36m[1m[vite][22m[39m [32mhmr update [39m[2m/src/pages/SellerDashboard.jsx, /src/index.css[22m
[2m12:16:30 am[22m [36m[1m[vite][22m[39m [32mhmr update [39m[2m/src/pages/SellerDashboard.jsx, /src/index.css[22m
[2m12:18:21 am[22m [36m[1m[vite][22m[39m [32mhmr update [39m[2m/src/pages/BrowseLots.jsx, /src/index.css[22m
[2m12:18:36 am[22m [36m[1m[vite][22m[39m [32mhmr update [39m[2m/src/pages/Buyers.jsx, /src/index.css[22m
[2m12:18:49 am[22m [36m[1m[vite][22m[39m [32mhmr update [39m[2m/src/pages/MyOffers.jsx, /src/index.css[22m
[2m12:22:31 am[22m [36m[1m[vite][22m[39m [32mhmr update [39m[2m/src/pages/BuyerDashboard.jsx, /src/index.css[22m
[2m12:23:08 am[22m [36m[1m[vite][22m[39m [32mpage reload [39m[2msrc/pages/FPODashboard.jsx[22m
[2m12:26:30 am[22m [36m[1m[vite][22m[39m [32mhmr update [39m[2m/src/pages/MyDeals.jsx, /src/index.css[22m
[2m12:26:47 am[22m [36m[1m[vite][22m[39m [32mhmr update [39m[2m/src/pages/MyDeals.jsx, /src/index.css[22m
[2m12:26:53 am[22m [36m[1m[vite][22m[39m [32mhmr update [39m[2m/src/pages/SellerDashboard.jsx, /src/index.css[22m
[2m12:26:59 am[22m [36m[1m[vite][22m[39m [32mhmr update [39m[2m/src/pages/SellerDashboard.jsx, /src/index.css[22m
[2m12:27:20 am[22m [36m[1m[vite][22m[39m [32mhmr update [39m[2m/src/pages/CreateDemand.jsx, /src/index.css[22m
[2m12:27:39 am[22m [36m[1m[vite][22m[39m [32mhmr update [39m[2m/src/pages/BuyerOfferDetail.jsx, /src/index.css[22m
[2m12:28:12 am[22m [36m[1m[vite][22m[39m [32mhmr update [39m[2m/src/pages/DemandDetails.jsx, /src/index.css[22m
[2m12:28:16 am[22m [36m[1m[vite][22m[39m [32mhmr update [39m[2m/src/pages/DemandDetails.jsx, /src/index.css[22m
[2m12:28:26 am[22m [36m[1m[vite][22m[39m [32mhmr update [39m[2m/src/pages/DemandDetails.jsx, /src/index.css[22m
[2m12:28:37 am[22m [36m[1m[vite][22m[39m [32mhmr update [39m[2m/src/pages/DemandDetails.jsx, /src/index.css[22m
[2m12:28:54 am[22m [36m[1m[vite][22m[39m [32mhmr update [39m[2m/src/pages/DemandDetails.jsx, /src/index.css[22m
[2m12:29:14 am[22m [36m[1m[vite][22m[39m [32mhmr update [39m[2m/src/pages/DecisionSupport.jsx, /src/index.css[22m
[2m12:29:27 am[22m [36m[1m[vite][22m[39m [32mhmr update [39m[2m/src/pages/DecisionSupport.jsx, /src/index.css[22m
[2m12:29:54 am[22m [36m[1m[vite][22m[39m [32mhmr update [39m[2m/src/pages/DecisionSupport.jsx, /src/index.css[22m
[2m12:30:05 am[22m [36m[1m[vite][22m[39m [32mhmr update [39m[2m/src/pages/CropLotDetail.jsx, /src/index.css[22m
[2m12:30:15 am[22m [36m[1m[vite][22m[39m [32mhmr update [39m[2m/src/pages/CropLotDetail.jsx, /src/index.css[22m
[2m12:30:25 am[22m [36m[1m[vite][22m[39m [32mhmr update [39m[2m/src/pages/CropLotDetail.jsx, /src/index.css[22m
[2m12:30:36 am[22m [36m[1m[vite][22m[39m [32mhmr update [39m[2m/src/pages/Deal.jsx, /src/index.css[22m
[2m12:30:47 am[22m [36m[1m[vite][22m[39m [32mhmr update [39m[2m/src/pages/Deal.jsx, /src/index.css[22m
[2m12:30:57 am[22m [36m[1m[vite][22m[39m [32mhmr update [39m[2m/src/pages/Deal.jsx, /src/index.css[22m
[2m12:31:04 am[22m [36m[1m[vite][22m[39m [32mhmr update [39m[2m/src/pages/Deal.jsx, /src/index.css[22m
[2m12:31:24 am[22m [36m[1m[vite][22m[39m [32mhmr update [39m[2m/src/pages/Offers.jsx, /src/index.css[22m
[2m12:31:24 am[22m [36m[1m[vite][22m[39m [32mhmr update [39m[2m/src/pages/Offers.jsx, /src/index.css[22m
[2m12:31:24 am[22m [36m[1m[vite][22m[39m [32mhmr update [39m[2m/src/pages/Offers.jsx, /src/index.css[22m
[2m12:31:24 am[22m [36m[1m[vite][22m[39m [32mhmr update [39m[2m/src/pages/Offers.jsx, /src/index.css[22m
[2m12:31:24 am[22m [36m[1m[vite][22m[39m [32mhmr update [39m[2m/src/pages/Offers.jsx, /src/index.css[22m
[2m12:31:24 am[22m [36m[1m[vite][22m[39m [32mhmr update [39m[2m/src/pages/BuyerMyDemands.jsx, /src/index.css[22m
[2m12:31:24 am[22m [36m[1m[vite][22m[39m [32mhmr update [39m[2m/src/pages/BuyerMyDemands.jsx, /src/index.css[22m
[2m12:31:24 am[22m [36m[1m[vite][22m[39m [32mhmr update [39m[2m/src/pages/BuyerMyDemands.jsx, /src/index.css[22m
[2m12:31:24 am[22m [36m[1m[vite][22m[39m [32mhmr update [39m[2m/src/pages/BuyerMyDemands.jsx, /src/index.css[22m
[2m12:31:24 am[22m [36m[1m[vite][22m[39m [32mhmr update [39m[2m/src/pages/BuyerMyDemands.jsx, /src/index.css[22m
[2m12:31:24 am[22m [36m[1m[vite][22m[39m [32mhmr update [39m[2m/src/pages/BuyerMyDemands.jsx, /src/index.css[22m
[2m12:31:24 am[22m [36m[1m[vite][22m[39m [32mhmr update [39m[2m/src/pages/BuyerMyDemands.jsx, /src/index.css[22m
[2m12:31:24 am[22m [36m[1m[vite][22m[39m [32mhmr update [39m[2m/src/pages/BuyerMyDemands.jsx, /src/index.css[22m
[2m12:31:24 am[22m [36m[1m[vite][22m[39m [32mhmr update [39m[2m/src/pages/FarmerDemands.jsx, /src/index.css[22m
[2m12:31:25 am[22m [36m[1m[vite][22m[39m [32mhmr update [39m[2m/src/pages/FarmerDemands.jsx, /src/index.css[22m
[2m12:31:25 am[22m [36m[1m[vite][22m[39m [32mhmr update [39m[2m/src/pages/FarmerDemands.jsx, /src/index.css[22m
[2m12:31:25 am[22m [36m[1m[vite][22m[39m [32mhmr update [39m[2m/src/pages/FarmerDemands.jsx, /src/index.css[22m
[2m12:31:25 am[22m [36m[1m[vite][22m[39m [32mhmr update [39m[2m/src/pages/FarmerDemands.jsx, /src/index.css[22m
[2m12:31:25 am[22m [36m[1m[vite][22m[39m [32mhmr update [39m[2m/src/pages/FarmerDemands.jsx, /src/index.css[22m
[2m12:31:26 am[22m [36m[1m[vite][22m[39m [32mhmr update [39m[2m/src/pages/OfferDetail.jsx, /src/index.css[22m
[2m12:31:26 am[22m [36m[1m[vite][22m[39m [32mhmr update [39m[2m/src/pages/OfferDetail.jsx, /src/index.css[22m
[2m12:31:26 am[22m [36m[1m[vite][22m[39m [32mhmr update [39m[2m/src/pages/OfferDetail.jsx, /src/index.css[22m
[2m12:31:26 am[22m [36m[1m[vite][22m[39m [32mhmr update [39m[2m/src/pages/OfferDetail.jsx, /src/index.css[22m
[2m12:31:26 am[22m [36m[1m[vite][22m[39m [32mhmr update [39m[2m/src/pages/OfferDetail.jsx, /src/index.css[22m
[2m12:31:26 am[22m [36m[1m[vite][22m[39m [32mhmr update [39m[2m/src/pages/OfferDetail.jsx, /src/index.css[22m
[2m12:31:26 am[22m [36m[1m[vite][22m[39m [32mhmr update [39m[2m/src/pages/BuyerDashboard.jsx, /src/index.css[22m
[2m12:31:26 am[22m [36m[1m[vite][22m[39m [32mhmr update [39m[2m/src/pages/BuyerDashboard.jsx, /src/index.css[22m
[2m12:31:26 am[22m [36m[1m[vite][22m[39m [32mhmr update [39m[2m/src/pages/BuyerDashboard.jsx, /src/index.css[22m
[2m12:31:27 am[22m [36m[1m[vite][22m[39m [32mhmr update [39m[2m/src/pages/BuyerDashboard.jsx, /src/index.css[22m
[2m12:31:27 am[22m [36m[1m[vite][22m[39m [32mhmr update [39m[2m/src/pages/BuyerDashboard.jsx, /src/index.css[22m
[2m12:31:27 am[22m [36m[1m[vite][22m[39m [32mhmr update [39m[2m/src/pages/BuyerDashboard.jsx, /src/index.css[22m
[2m12:31:27 am[22m [36m[1m[vite][22m[39m [32mhmr update [39m[2m/src/pages/BuyerDashboard.jsx, /src/index.css[22m
[2m12:31:27 am[22m [36m[1m[vite][22m[39m [32mhmr update [39m[2m/src/pages/MyOffers.jsx, /src/index.css[22m
[2m12:31:27 am[22m [36m[1m[vite][22m[39m [32mhmr update [39m[2m/src/pages/MyOffers.jsx, /src/index.css[22m
[2m12:31:27 am[22m [36m[1m[vite][22m[39m [32mhmr update [39m[2m/src/pages/MyOffers.jsx, /src/index.css[22m
[2m12:31:27 am[22m [36m[1m[vite][22m[39m [32mhmr update [39m[2m/src/pages/MyOffers.jsx, /src/index.css[22m
[2m12:31:39 am[22m [36m[1m[vite][22m[39m [32mhmr update [39m[2m/src/pages/FPOs.jsx, /src/index.css[22m
[2m12:31:49 am[22m [36m[1m[vite][22m[39m [32mhmr update [39m[2m/src/pages/FPOs.jsx, /src/index.css[22m
[2m12:32:06 am[22m [36m[1m[vite][22m[39m [32mhmr update [39m[2m/src/pages/Opportunities.jsx, /src/index.css[22m
[2m12:32:15 am[22m [36m[1m[vite][22m[39m [32mhmr update [39m[2m/src/pages/CreateCropLot.jsx, /src/index.css[22m
[2m12:32:25 am[22m [36m[1m[vite][22m[39m [32mhmr update [39m[2m/src/pages/MarketPrices.jsx, /src/index.css[22m
[2m12:32:34 am[22m [36m[1m[vite][22m[39m [32mhmr update [39m[2m/src/pages/MarketPrices.jsx, /src/index.css[22m
[2m12:32:43 am[22m [36m[1m[vite][22m[39m [32mhmr update [39m[2m/src/pages/Quality.jsx, /src/index.css[22m
[2m12:32:51 am[22m [36m[1m[vite][22m[39m [32mhmr update [39m[2m/src/pages/BuyerMatch.jsx, /src/index.css[22m
[2m12:33:25 am[22m [36m[1m[vite][22m[39m [32mhmr update [39m[2m/src/pages/Landing.jsx, /src/index.css[22m
[2m12:33:25 am[22m [36m[1m[vite][22m[39m [32mhmr update [39m[2m/src/pages/Landing.jsx, /src/index.css[22m
[2m12:33:25 am[22m [36m[1m[vite][22m[39m [32mhmr update [39m[2m/src/pages/Landing.jsx, /src/index.css[22m
[2m12:33:25 am[22m [36m[1m[vite][22m[39m [32mhmr update [39m[2m/src/pages/Landing.jsx, /src/index.css[22m
[2m12:33:25 am[22m [36m[1m[vite][22m[39m [32mhmr update [39m[2m/src/pages/Landing.jsx, /src/index.css[22m
[2m12:33:25 am[22m [36m[1m[vite][22m[39m [32mhmr update [39m[2m/src/pages/Landing.jsx, /src/index.css[22m
[2m12:33:25 am[22m [36m[1m[vite][22m[39m [32mhmr update [39m[2m/src/pages/Landing.jsx, /src/index.css[22m
[2m12:33:25 am[22m [36m[1m[vite][22m[39m [32mhmr update [39m[2m/src/pages/Landing.jsx, /src/index.css[22m
[2m12:33:25 am[22m [36m[1m[vite][22m[39m [32mhmr update [39m[2m/src/pages/Landing.jsx, /src/index.css[22m
[2m12:33:25 am[22m [36m[1m[vite][22m[39m [32mhmr update [39m[2m/src/pages/Landing.jsx, /src/index.css[22m
[2m12:33:26 am[22m [36m[1m[vite][22m[39m [32mhmr update [39m[2m/src/pages/Login.jsx, /src/index.css[22m
[2m12:33:26 am[22m [36m[1m[vite][22m[39m [32mhmr update [39m[2m/src/pages/Login.jsx, /src/index.css[22m
[2m12:33:26 am[22m [36m[1m[vite][22m[39m [32mhmr update [39m[2m/src/pages/Login.jsx, /src/index.css[22m
[2m12:33:26 am[22m [36m[1m[vite][22m[39m [32mhmr update [39m[2m/src/pages/Login.jsx, /src/index.css[22m
[2m12:33:26 am[22m [36m[1m[vite][22m[39m [32mhmr update [39m[2m/src/pages/Login.jsx, /src/index.css[22m
[2m12:33:26 am[22m [36m[1m[vite][22m[39m [32mhmr update [39m[2m/src/pages/Login.jsx, /src/index.css[22m
[2m12:33:26 am[22m [36m[1m[vite][22m[39m [32mhmr update [39m[2m/src/pages/Login.jsx, /src/index.css[22m
[2m12:33:26 am[22m [36m[1m[vite][22m[39m [32mhmr update [39m[2m/src/pages/Login.jsx, /src/index.css[22m
[2m12:33:26 am[22m [36m[1m[vite][22m[39m [32mhmr update [39m[2m/src/pages/Login.jsx, /src/index.css[22m
[2m12:33:26 am[22m [36m[1m[vite][22m[39m [32mhmr update [39m[2m/src/pages/Login.jsx, /src/index.css[22m
[2m12:33:26 am[22m [36m[1m[vite][22m[39m [32mhmr update [39m[2m/src/pages/Login.jsx, /src/index.css[22m
[2m12:33:26 am[22m [36m[1m[vite][22m[39m [32mhmr update [39m[2m/src/pages/Register.jsx, /src/index.css[22m
[2m12:33:26 am[22m [36m[1m[vite][22m[39m [32mhmr update [39m[2m/src/pages/Register.jsx, /src/index.css[22m
[2m12:33:26 am[22m [36m[1m[vite][22m[39m [32mhmr update [39m[2m/src/pages/Register.jsx, /src/index.css[22m
[2m12:33:27 am[22m [36m[1m[vite][22m[39m [32mhmr update [39m[2m/src/pages/Register.jsx, /src/index.css[22m
[2m12:33:27 am[22m [36m[1m[vite][22m[39m [32mhmr update [39m[2m/src/pages/Register.jsx, /src/index.css[22m
[2m12:33:27 am[22m [36m[1m[vite][22m[39m [32mhmr update [39m[2m/src/pages/Register.jsx, /src/index.css[22m
[2m12:33:27 am[22m [36m[1m[vite][22m[39m [32mhmr update [39m[2m/src/pages/Register.jsx, /src/index.css[22m
[2m12:33:27 am[22m [36m[1m[vite][22m[39m [32mhmr update [39m[2m/src/pages/Register.jsx, /src/index.css[22m
[2m12:33:27 am[22m [36m[1m[vite][22m[39m [32mhmr update [39m[2m/src/pages/Register.jsx, /src/index.css[22m
[2m12:33:27 am[22m [36m[1m[vite][22m[39m [32mhmr update [39m[2m/src/pages/Register.jsx, /src/index.css[22m
[2m12:33:27 am[22m [36m[1m[vite][22m[39m [32mhmr update [39m[2m/src/pages/RoleSelect.jsx, /src/index.css[22m
[2m12:33:27 am[22m [36m[1m[vite][22m[39m [32mhmr update [39m[2m/src/pages/RoleSelect.jsx, /src/index.css[22m
[2m12:33:27 am[22m [36m[1m[vite][22m[39m [32mhmr update [39m[2m/src/pages/RoleSelect.jsx, /src/index.css[22m
[2m12:33:27 am[22m [36m[1m[vite][22m[39m [32mhmr update [39m[2m/src/pages/RoleSelect.jsx, /src/index.css[22m
[2m12:33:27 am[22m [36m[1m[vite][22m[39m [32mhmr update [39m[2m/src/pages/RoleSelect.jsx, /src/index.css[22m
[2m12:33:27 am[22m [36m[1m[vite][22m[39m [32mhmr update [39m[2m/src/pages/RoleSelect.jsx, /src/index.css[22m
[2m12:33:27 am[22m [36m[1m[vite][22m[39m [32mhmr update [39m[2m/src/pages/RoleSelect.jsx, /src/index.css[22m
[2m12:33:27 am[22m [36m[1m[vite][22m[39m [32mhmr update [39m[2m/src/pages/RoleSelect.jsx, /src/index.css[22m
[2m12:33:28 am[22m [36m[1m[vite][22m[39m [32mhmr update [39m[2m/src/pages/RoleSelect.jsx, /src/index.css[22m
[2m12:33:28 am[22m [36m[1m[vite][22m[39m [32mhmr update [39m[2m/src/pages/RoleSelect.jsx, /src/index.css[22m
[2m12:33:28 am[22m [36m[1m[vite][22m[39m [32mhmr update [39m[2m/src/pages/RoleSelect.jsx, /src/index.css[22m
[2m12:33:47 am[22m [36m[1m[vite][22m[39m [32mhmr update [39m[2m/src/pages/Login.jsx, /src/index.css[22m
[2m12:33:47 am[22m [36m[1m[vite][22m[39m [32mhmr update [39m[2m/src/pages/Login.jsx, /src/index.css[22m
[2m12:33:47 am[22m [36m[1m[vite][22m[39m [32mhmr update [39m[2m/src/pages/Login.jsx, /src/index.css[22m
[2m12:33:47 am[22m [36m[1m[vite][22m[39m [32mhmr update [39m[2m/src/pages/Register.jsx, /src/index.css[22m
[2m12:33:47 am[22m [36m[1m[vite][22m[39m [32mhmr update [39m[2m/src/pages/Register.jsx, /src/index.css[22m
[2m12:33:47 am[22m [36m[1m[vite][22m[39m [32mhmr update [39m[2m/src/pages/Register.jsx, /src/index.css[22m
[2m12:33:47 am[22m [36m[1m[vite][22m[39m [32mhmr update [39m[2m/src/pages/RoleSelect.jsx, /src/index.css[22m
[2m12:33:47 am[22m [36m[1m[vite][22m[39m [32mhmr update [39m[2m/src/pages/RoleSelect.jsx, /src/index.css[22m
[2m12:34:06 am[22m [36m[1m[vite][22m[39m [32mhmr update [39m[2m/src/pages/Landing.jsx, /src/index.css[22m
[2m12:34:06 am[22m [36m[1m[vite][22m[39m [32mhmr update [39m[2m/src/pages/Landing.jsx, /src/index.css[22m
[2m12:34:06 am[22m [36m[1m[vite][22m[39m [32mhmr update [39m[2m/src/pages/Landing.jsx, /src/index.css[22m
[2m12:34:06 am[22m [36m[1m[vite][22m[39m [32mhmr update [39m[2m/src/pages/Landing.jsx, /src/index.css[22m
[2m12:34:06 am[22m [36m[1m[vite][22m[39m [32mhmr update [39m[2m/src/pages/Landing.jsx, /src/index.css[22m
[2m12:34:06 am[22m [36m[1m[vite][22m[39m [32mhmr update [39m[2m/src/pages/Landing.jsx, /src/index.css[22m
[2m12:34:06 am[22m [36m[1m[vite][22m[39m [32mhmr update [39m[2m/src/pages/Landing.jsx, /src/index.css[22m
[2m12:34:06 am[22m [36m[1m[vite][22m[39m [32mhmr update [39m[2m/src/pages/Landing.jsx, /src/index.css[22m
[2m12:34:06 am[22m [36m[1m[vite][22m[39m [32mhmr update [39m[2m/src/pages/Landing.jsx, /src/index.css[22m
[2m12:34:06 am[22m [36m[1m[vite][22m[39m [32mhmr update [39m[2m/src/pages/Landing.jsx, /src/index.css[22m
[2m12:34:06 am[22m [36m[1m[vite][22m[39m [32mhmr update [39m[2m/src/pages/Login.jsx, /src/index.css[22m
[2m12:34:06 am[22m [36m[1m[vite][22m[39m [32mhmr update [39m[2m/src/pages/Login.jsx, /src/index.css[22m
[2m12:34:07 am[22m [36m[1m[vite][22m[39m [32mhmr update [39m[2m/src/pages/Login.jsx, /src/index.css[22m
[2m12:34:07 am[22m [36m[1m[vite][22m[39m [32mhmr update [39m[2m/src/pages/Login.jsx, /src/index.css[22m
[2m12:34:07 am[22m [36m[1m[vite][22m[39m [32mhmr update [39m[2m/src/pages/Login.jsx, /src/index.css[22m
[2m12:34:07 am[22m [36m[1m[vite][22m[39m [32mhmr update [39m[2m/src/pages/Login.jsx, /src/index.css[22m
[2m12:34:07 am[22m [36m[1m[vite][22m[39m [32mhmr update [39m[2m/src/pages/Login.jsx, /src/index.css[22m
[2m12:34:07 am[22m [36m[1m[vite][22m[39m [32mhmr update [39m[2m/src/pages/Login.jsx, /src/index.css[22m
[2m12:34:07 am[22m [36m[1m[vite][22m[39m [32mhmr update [39m[2m/src/pages/Login.jsx, /src/index.css[22m
[2m12:34:07 am[22m [36m[1m[vite][22m[39m [32mhmr update [39m[2m/src/pages/Register.jsx, /src/index.css[22m
[2m12:34:07 am[22m [36m[1m[vite][22m[39m [32mhmr update [39m[2m/src/pages/Register.jsx, /src/index.css[22m
[2m12:34:07 am[22m [36m[1m[vite][22m[39m [32mhmr update [39m[2m/src/pages/Register.jsx, /src/index.css[22m
[2m12:34:07 am[22m [36m[1m[vite][22m[39m [32mhmr update [39m[2m/src/pages/Register.jsx, /src/index.css[22m
[2m12:34:07 am[22m [36m[1m[vite][22m[39m [32mhmr update [39m[2m/src/pages/Register.jsx, /src/index.css[22m
[2m12:34:07 am[22m [36m[1m[vite][22m[39m [32mhmr update [39m[2m/src/pages/Register.jsx, /src/index.css[22m
[2m12:34:07 am[22m [36m[1m[vite][22m[39m [32mhmr update [39m[2m/src/pages/Register.jsx, /src/index.css[22m
[2m12:34:07 am[22m [36m[1m[vite][22m[39m [32mhmr update [39m[2m/src/pages/Register.jsx, /src/index.css[22m
[2m12:34:08 am[22m [36m[1m[vite][22m[39m [32mhmr update [39m[2m/src/pages/Register.jsx, /src/index.css[22m
[2m12:34:08 am[22m [36m[1m[vite][22m[39m [32mhmr update [39m[2m/src/pages/Register.jsx, /src/index.css[22m
[2m12:34:08 am[22m [36m[1m[vite][22m[39m [32mhmr update [39m[2m/src/pages/RoleSelect.jsx, /src/index.css[22m
[2m12:34:08 am[22m [36m[1m[vite][22m[39m [32mhmr update [39m[2m/src/pages/RoleSelect.jsx, /src/index.css[22m
[2m12:34:08 am[22m [36m[1m[vite][22m[39m [32mhmr update [39m[2m/src/pages/RoleSelect.jsx, /src/index.css[22m
[2m12:34:08 am[22m [36m[1m[vite][22m[39m [32mhmr update [39m[2m/src/pages/RoleSelect.jsx, /src/index.css[22m
[2m12:34:08 am[22m [36m[1m[vite][22m[39m [32mhmr update [39m[2m/src/pages/RoleSelect.jsx, /src/index.css[22m
[2m12:34:08 am[22m [36m[1m[vite][22m[39m [32mhmr update [39m[2m/src/pages/RoleSelect.jsx, /src/index.css[22m
[2m12:34:08 am[22m [36m[1m[vite][22m[39m [32mhmr update [39m[2m/src/pages/RoleSelect.jsx, /src/index.css[22m
[2m12:34:08 am[22m [36m[1m[vite][22m[39m [32mhmr update [39m[2m/src/pages/RoleSelect.jsx, /src/index.css[22m
[2m12:34:17 am[22m [36m[1m[vite][22m[39m [32mhmr update [39m[2m/src/pages/Register.jsx, /src/index.css[22m
[2m12:34:33 am[22m [36m[1m[vite][22m[39m [32mhmr update [39m[2m/src/pages/FPOs.jsx, /src/index.css[22m
[2m12:47:19 am[22m [36m[1m[vite][22m[39m [32mhmr update [39m[2m/src/pages/OfferDetail.jsx, /src/index.css[22m
[2m12:47:32 am[22m [36m[1m[vite][22m[39m [32mhmr update [39m[2m/src/pages/BuyerOfferDetail.jsx, /src/index.css[22m
[2m12:50:44 am[22m [36m[1m[vite][22m[39m [32mhmr update [39m[2m/src/pages/FarmerDashboard.jsx, /src/index.css[22m
[2m12:50:53 am[22m [36m[1m[vite][22m[39m [32mhmr update [39m[2m/src/pages/FarmerDashboard.jsx, /src/index.css[22m
[2m12:50:59 am[22m [36m[1m[vite][22m[39m [32mhmr update [39m[2m/src/pages/FarmerDashboard.jsx, /src/index.css[22m
[2m12:51:39 am[22m [36m[1m[vite][22m[39m [32mhmr update [39m[2m/src/pages/BuyerDashboard.jsx, /src/index.css[22m
[2m12:51:45 am[22m [36m[1m[vite][22m[39m [32mhmr update [39m[2m/src/pages/BuyerDashboard.jsx, /src/index.css[22m
[2m3:04:48 pm[22m [36m[1m[vite][22m[39m [32mhmr update [39m[2m/src/pages/BrowseLots.jsx, /src/index.css[22m
[2m3:04:48 pm[22m [36m[1m[vite][22m[39m [32mhmr update [39m[2m/src/pages/BrowseLots.jsx, /src/index.css[22m
[2m3:16:52 pm[22m [36m[1m[vite][22m[39m [32mhmr update [39m[2m/src/pages/Offers.jsx, /src/index.css[22m
[2m3:16:58 pm[22m [36m[1m[vite][22m[39m [32mhmr update [39m[2m/src/pages/Offers.jsx, /src/index.css[22m
[2m3:17:03 pm[22m [36m[1m[vite][22m[39m [32mhmr update [39m[2m/src/pages/Offers.jsx, /src/index.css[22m
[2m3:17:18 pm[22m [36m[1m[vite][22m[39m [32mhmr update [39m[2m/src/pages/Deal.jsx, /src/index.css[22m
[2m3:17:26 pm[22m [36m[1m[vite][22m[39m [32mhmr update [39m[2m/src/pages/Deal.jsx, /src/index.css[22m
[2m3:18:20 pm[22m [36m[1m[vite][22m[39m [32mhmr update [39m[2m/src/pages/MarketPrices.jsx, /src/index.css[22m
[2m3:18:35 pm[22m [36m[1m[vite][22m[39m [32mhmr update [39m[2m/src/pages/MarketPrices.jsx, /src/index.css[22m
[2m3:18:47 pm[22m [36m[1m[vite][22m[39m [32mhmr update [39m[2m/src/pages/CropLotDetail.jsx, /src/index.css[22m
[2m3:19:05 pm[22m [36m[1m[vite][22m[39m [32mhmr update [39m[2m/src/pages/CropLotDetail.jsx, /src/index.css[22m
[2m3:20:15 pm[22m [36m[1m[vite][22m[39m [32mhmr update [39m[2m/src/pages/BuyerMatch.jsx, /src/index.css[22m
[2m3:20:22 pm[22m [36m[1m[vite][22m[39m [32mhmr update [39m[2m/src/pages/BuyerMatch.jsx, /src/index.css[22m
[2m4:52:32 pm[22m [36m[1m[vite][22m[39m [32mhmr update [39m[2m/src/pages/CropLotDetail.jsx, /src/index.css[22m
[2m4:52:36 pm[22m [36m[1m[vite][22m[39m [32mhmr update [39m[2m/src/pages/CropLotDetail.jsx, /src/index.css[22m
[2m4:52:41 pm[22m [36m[1m[vite][22m[39m [32mhmr update [39m[2m/src/pages/CropLotDetail.jsx, /src/index.css[22m
[2m5:11:38 pm[22m [31m[1m[vite][22m[39m Pre-transform error: [postcss] C:/Users/heman/Agro-connect-prototype/frontend/src/index.css:7:1: The `border-ink-200` class does not exist. If `border-ink-200` is a custom class, make sure it is defined within a `@layer` directive.
[2m5:11:43 pm[22m [36m[1m[vite][22m[39m [32m✨ new dependencies optimized: [33mlucide-react, recharts, react-leaflet, leaflet[32m[39m
[2m5:11:43 pm[22m [36m[1m[vite][22m[39m [32m✨ optimized dependencies changed. reloading[39m
[2m5:13:36 pm[22m [36m[1m[vite][22m[39m [32mpage reload [39m[2msrc/__runtime_test__/PriceTrendChart.runtime.test.html[22m
[2m5:13:47 pm[22m [36m[1m[vite][22m[39m [32mpage reload [39m[2msrc/__runtime_test__/PriceTrendChart.runtime.test.html[22m
[2m5:14:00 pm[22m [36m[1m[vite][22m[39m [32mpage reload [39m[2msrc/__runtime_test__/PriceTrendChart.runtime.test.html[22m
[2m5:14:21 pm[22m [36m[1m[vite][22m[39m [32mpage reload [39m[2mpublic/__runtime_test__price_chart.html[22m
[2m5:17:27 pm[22m [31m[1m[vite][22m[39m Pre-transform error: [postcss] C:/Users/heman/Agro-connect-prototype/frontend/src/index.css:7:1: The `border-ink-200` class does not exist. If `border-ink-200` is a custom class, make sure it is defined within a `@layer` directive.
[2m5:17:34 pm[22m [36m[1m[vite][22m[39m [32mpage reload [39m[2mpublic/__runtime_test__price_chart.html[22m
[2m5:18:27 pm[22m [36m[1m[vite][22m[39m [32mhmr update [39m[2m/src/__runtime_test__/PriceTrendChart.runtime.test.jsx[22m
[2m5:18:37 pm[22m [36m[1m[vite][22m[39m [32mhmr update [39m[2m/src/__runtime_test__/PriceTrendChart.runtime.test.jsx[22m
[2m5:19:03 pm[22m [36m[1m[vite][22m[39m [32mhmr update [39m[2m/src/__runtime_test__/PriceTrendChart.runtime.test.jsx[22m
[2m5:19:13 pm[22m [36m[1m[vite][22m[39m [32mhmr update [39m[2m/src/__runtime_test__/PriceTrendChart.runtime.test.jsx[22m
[2m5:19:41 pm[22m [36m[1m[vite][22m[39m [32mhmr update [39m[2m/src/__runtime_test__/PriceTrendChart.runtime.test.jsx[22m
[2m5:24:12 pm[22m [31m[1m[vite][22m[39m [31mInternal server error: [postcss] C:/Users/heman/Agro-connect-prototype/frontend/src/index.css:7:1: The `border-ink-200` class does not exist. If `border-ink-200` is a custom class, make sure it is defined within a `@layer` directive.[39m
  Plugin: [35mvite:css[39m
  File: [36mC:/Users/heman/Agro-connect-prototype/frontend/src/index.css[39m:7:0
[33m  5  |  @import url('https://fonts.googleapis.com/css2?family=Fraunces:opsz,wght@9..144,400;9..144,500;9..144,600;9..144,700&family=Inter:wght@400;500;600;700&display=swap');
  6  |  
  7  |  @tailwind base;
     |  ^
  8  |  @tailwind components;
  9  |  @tailwind utilities;[39m
      at Input.error (C:\Users\heman\Agro-connect-prototype\frontend\node_modules\postcss\lib\input.js:135:16)
      at AtRule.error (C:\Users\heman\Agro-connect-prototype\frontend\node_modules\postcss\lib\node.js:166:32)
      at processApply (C:\Users\heman\Agro-connect-prototype\frontend\node_modules\tailwindcss\lib\lib\expandApplyAtRules.js:380:29)
      at C:\Users\heman\Agro-connect-prototype\frontend\node_modules\tailwindcss\lib\lib\expandApplyAtRules.js:551:9
      at C:\Users\heman\Agro-connect-prototype\frontend\node_modules\tailwindcss\lib\processTailwindFeatures.js:55:50
      at async plugins (C:\Users\heman\Agro-connect-prototype\frontend\node_modules\tailwindcss\lib\plugin.js:38:17)
      at async LazyResult.runAsync (C:\Users\heman\Agro-connect-prototype\frontend\node_modules\postcss\lib\lazy-result.js:299:11)
      at async compileCSS (file:///C:/Users/heman/Agro-connect-prototype/frontend/node_modules/vite/dist/node/chunks/dep-BK3b2jBa.js:36898:21)
      at async TransformPluginContext.transform (file:///C:/Users/heman/Agro-connect-prototype/frontend/node_modules/vite/dist/node/chunks/dep-BK3b2jBa.js:36171:11)
      at async PluginContainer.transform (file:///C:/Users/heman/Agro-connect-prototype/frontend/node_modules/vite/dist/node/chunks/dep-BK3b2jBa.js:49099:18)
      at async loadAndTransform (file:///C:/Users/heman/Agro-connect-prototype/frontend/node_modules/vite/dist/node/chunks/dep-BK3b2jBa.js:51978:27)
      at async viteTransformMiddleware (file:///C:/Users/heman/Agro-connect-prototype/frontend/node_modules/vite/dist/node/chunks/dep-BK3b2jBa.js:62106:24)
[2m5:24:14 pm[22m [31m[1m[vite][22m[39m [31mInternal server error: [postcss] C:/Users/heman/Agro-connect-prototype/frontend/src/index.css:7:1: The `border-ink-200` class does not exist. If `border-ink-200` is a custom class, make sure it is defined within a `@layer` directive.[39m
  Plugin: [35mvite:css[39m
  File: [36mC:/Users/heman/Agro-connect-prototype/frontend/src/index.css[39m:7:0
[33m  5  |  @import url('https://fonts.googleapis.com/css2?family=Fraunces:opsz,wght@9..144,400;9..144,500;9..144,600;9..144,700&family=Inter:wght@400;500;600;700&display=swap');
  6  |  
  7  |  @tailwind base;
     |  ^
  8  |  @tailwind components;
  9  |  @tailwind utilities;[39m
      at Input.error (C:\Users\heman\Agro-connect-prototype\frontend\node_modules\postcss\lib\input.js:135:16)
      at AtRule.error (C:\Users\heman\Agro-connect-prototype\frontend\node_modules\postcss\lib\node.js:166:32)
      at processApply (C:\Users\heman\Agro-connect-prototype\frontend\node_modules\tailwindcss\lib\lib\expandApplyAtRules.js:380:29)
      at C:\Users\heman\Agro-connect-prototype\frontend\node_modules\tailwindcss\lib\lib\expandApplyAtRules.js:551:9
      at C:\Users\heman\Agro-connect-prototype\frontend\node_modules\tailwindcss\lib\processTailwindFeatures.js:55:50
      at async plugins (C:\Users\heman\Agro-connect-prototype\frontend\node_modules\tailwindcss\lib\plugin.js:38:17)
      at async LazyResult.runAsync (C:\Users\heman\Agro-connect-prototype\frontend\node_modules\postcss\lib\lazy-result.js:299:11)
      at async compileCSS (file:///C:/Users/heman/Agro-connect-prototype/frontend/node_modules/vite/dist/node/chunks/dep-BK3b2jBa.js:36898:21)
      at async TransformPluginContext.transform (file:///C:/Users/heman/Agro-connect-prototype/frontend/node_modules/vite/dist/node/chunks/dep-BK3b2jBa.js:36171:11)
      at async PluginContainer.transform (file:///C:/Users/heman/Agro-connect-prototype/frontend/node_modules/vite/dist/node/chunks/dep-BK3b2jBa.js:49099:18)
      at async loadAndTransform (file:///C:/Users/heman/Agro-connect-prototype/frontend/node_modules/vite/dist/node/chunks/dep-BK3b2jBa.js:51978:27)
      at async viteTransformMiddleware (file:///C:/Users/heman/Agro-connect-prototype/frontend/node_modules/vite/dist/node/chunks/dep-BK3b2jBa.js:62106:24)
[2m5:25:07 pm[22m [31m[1m[vite][22m[39m [31mInternal server error: [postcss] C:/Users/heman/Agro-connect-prototype/frontend/src/index.css:7:1: The `border-ink-200` class does not exist. If `border-ink-200` is a custom class, make sure it is defined within a `@layer` directive.[39m
  Plugin: [35mvite:css[39m
  File: [36mC:/Users/heman/Agro-connect-prototype/frontend/src/index.css[39m:7:0
[33m  5  |  @import url('https://fonts.googleapis.com/css2?family=Fraunces:opsz,wght@9..144,400;9..144,500;9..144,600;9..144,700&family=Inter:wght@400;500;600;700&display=swap');
  6  |  
  7  |  @tailwind base;
     |  ^
  8  |  @tailwind components;
  9  |  @tailwind utilities;[39m
      at Input.error (C:\Users\heman\Agro-connect-prototype\frontend\node_modules\postcss\lib\input.js:135:16)
      at AtRule.error (C:\Users\heman\Agro-connect-prototype\frontend\node_modules\postcss\lib\node.js:166:32)
      at processApply (C:\Users\heman\Agro-connect-prototype\frontend\node_modules\tailwindcss\lib\lib\expandApplyAtRules.js:380:29)
      at C:\Users\heman\Agro-connect-prototype\frontend\node_modules\tailwindcss\lib\lib\expandApplyAtRules.js:551:9
      at C:\Users\heman\Agro-connect-prototype\frontend\node_modules\tailwindcss\lib\processTailwindFeatures.js:55:50
      at async plugins (C:\Users\heman\Agro-connect-prototype\frontend\node_modules\tailwindcss\lib\plugin.js:38:17)
      at async LazyResult.runAsync (C:\Users\heman\Agro-connect-prototype\frontend\node_modules\postcss\lib\lazy-result.js:299:11)
      at async compileCSS (file:///C:/Users/heman/Agro-connect-prototype/frontend/node_modules/vite/dist/node/chunks/dep-BK3b2jBa.js:36898:21)
      at async TransformPluginContext.transform (file:///C:/Users/heman/Agro-connect-prototype/frontend/node_modules/vite/dist/node/chunks/dep-BK3b2jBa.js:36171:11)
      at async PluginContainer.transform (file:///C:/Users/heman/Agro-connect-prototype/frontend/node_modules/vite/dist/node/chunks/dep-BK3b2jBa.js:49099:18)
      at async loadAndTransform (file:///C:/Users/heman/Agro-connect-prototype/frontend/node_modules/vite/dist/node/chunks/dep-BK3b2jBa.js:51978:27)
      at async viteTransformMiddleware (file:///C:/Users/heman/Agro-connect-prototype/frontend/node_modules/vite/dist/node/chunks/dep-BK3b2jBa.js:62106:24)
[2m5:25:08 pm[22m [31m[1m[vite][22m[39m [31mInternal server error: [postcss] C:/Users/heman/Agro-connect-prototype/frontend/src/index.css:7:1: The `border-ink-200` class does not exist. If `border-ink-200` is a custom class, make sure it is defined within a `@layer` directive.[39m
  Plugin: [35mvite:css[39m
  File: [36mC:/Users/heman/Agro-connect-prototype/frontend/src/index.css[39m:7:0
[33m  5  |  @import url('https://fonts.googleapis.com/css2?family=Fraunces:opsz,wght@9..144,400;9..144,500;9..144,600;9..144,700&family=Inter:wght@400;500;600;700&display=swap');
  6  |  
  7  |  @tailwind base;
     |  ^
  8  |  @tailwind components;
  9  |  @tailwind utilities;[39m
      at Input.error (C:\Users\heman\Agro-connect-prototype\frontend\node_modules\postcss\lib\input.js:135:16)
      at AtRule.error (C:\Users\heman\Agro-connect-prototype\frontend\node_modules\postcss\lib\node.js:166:32)
      at processApply (C:\Users\heman\Agro-connect-prototype\frontend\node_modules\tailwindcss\lib\lib\expandApplyAtRules.js:380:29)
      at C:\Users\heman\Agro-connect-prototype\frontend\node_modules\tailwindcss\lib\lib\expandApplyAtRules.js:551:9
      at C:\Users\heman\Agro-connect-prototype\frontend\node_modules\tailwindcss\lib\processTailwindFeatures.js:55:50
      at async plugins (C:\Users\heman\Agro-connect-prototype\frontend\node_modules\tailwindcss\lib\plugin.js:38:17)
      at async LazyResult.runAsync (C:\Users\heman\Agro-connect-prototype\frontend\node_modules\postcss\lib\lazy-result.js:299:11)
      at async compileCSS (file:///C:/Users/heman/Agro-connect-prototype/frontend/node_modules/vite/dist/node/chunks/dep-BK3b2jBa.js:36898:21)
      at async TransformPluginContext.transform (file:///C:/Users/heman/Agro-connect-prototype/frontend/node_modules/vite/dist/node/chunks/dep-BK3b2jBa.js:36171:11)
      at async PluginContainer.transform (file:///C:/Users/heman/Agro-connect-prototype/frontend/node_modules/vite/dist/node/chunks/dep-BK3b2jBa.js:49099:18)
      at async loadAndTransform (file:///C:/Users/heman/Agro-connect-prototype/frontend/node_modules/vite/dist/node/chunks/dep-BK3b2jBa.js:51978:27)
      at async viteTransformMiddleware (file:///C:/Users/heman/Agro-connect-prototype/frontend/node_modules/vite/dist/node/chunks/dep-BK3b2jBa.js:62106:24)
[2m5:26:20 pm[22m [31m[1m[vite][22m[39m [31mInternal server error: [postcss] C:/Users/heman/Agro-connect-prototype/frontend/src/index.css:7:1: The `border-ink-200` class does not exist. If `border-ink-200` is a custom class, make sure it is defined within a `@layer` directive.[39m
  Plugin: [35mvite:css[39m
  File: [36mC:/Users/heman/Agro-connect-prototype/frontend/src/index.css[39m:7:0
[33m  5  |  @import url('https://fonts.googleapis.com/css2?family=Fraunces:opsz,wght@9..144,400;9..144,500;9..144,600;9..144,700&family=Inter:wght@400;500;600;700&display=swap');
  6  |  
  7  |  @tailwind base;
     |  ^
  8  |  @tailwind components;
  9  |  @tailwind utilities;[39m
      at Input.error (C:\Users\heman\Agro-connect-prototype\frontend\node_modules\postcss\lib\input.js:135:16)
      at AtRule.error (C:\Users\heman\Agro-connect-prototype\frontend\node_modules\postcss\lib\node.js:166:32)
      at processApply (C:\Users\heman\Agro-connect-prototype\frontend\node_modules\tailwindcss\lib\lib\expandApplyAtRules.js:380:29)
      at C:\Users\heman\Agro-connect-prototype\frontend\node_modules\tailwindcss\lib\lib\expandApplyAtRules.js:551:9
      at C:\Users\heman\Agro-connect-prototype\frontend\node_modules\tailwindcss\lib\processTailwindFeatures.js:55:50
      at async plugins (C:\Users\heman\Agro-connect-prototype\frontend\node_modules\tailwindcss\lib\plugin.js:38:17)
      at async LazyResult.runAsync (C:\Users\heman\Agro-connect-prototype\frontend\node_modules\postcss\lib\lazy-result.js:299:11)
      at async compileCSS (file:///C:/Users/heman/Agro-connect-prototype/frontend/node_modules/vite/dist/node/chunks/dep-BK3b2jBa.js:36898:21)
      at async TransformPluginContext.transform (file:///C:/Users/heman/Agro-connect-prototype/frontend/node_modules/vite/dist/node/chunks/dep-BK3b2jBa.js:36171:11)
      at async PluginContainer.transform (file:///C:/Users/heman/Agro-connect-prototype/frontend/node_modules/vite/dist/node/chunks/dep-BK3b2jBa.js:49099:18)
      at async loadAndTransform (file:///C:/Users/heman/Agro-connect-prototype/frontend/node_modules/vite/dist/node/chunks/dep-BK3b2jBa.js:51978:27)
      at async viteTransformMiddleware (file:///C:/Users/heman/Agro-connect-prototype/frontend/node_modules/vite/dist/node/chunks/dep-BK3b2jBa.js:62106:24)
[2m5:26:21 pm[22m [31m[1m[vite][22m[39m [31mInternal server error: [postcss] C:/Users/heman/Agro-connect-prototype/frontend/src/index.css:7:1: The `border-ink-200` class does not exist. If `border-ink-200` is a custom class, make sure it is defined within a `@layer` directive.[39m
  Plugin: [35mvite:css[39m
  File: [36mC:/Users/heman/Agro-connect-prototype/frontend/src/index.css[39m:7:0
[33m  5  |  @import url('https://fonts.googleapis.com/css2?family=Fraunces:opsz,wght@9..144,400;9..144,500;9..144,600;9..144,700&family=Inter:wght@400;500;600;700&display=swap');
  6  |  
  7  |  @tailwind base;
     |  ^
  8  |  @tailwind components;
  9  |  @tailwind utilities;[39m
      at Input.error (C:\Users\heman\Agro-connect-prototype\frontend\node_modules\postcss\lib\input.js:135:16)
      at AtRule.error (C:\Users\heman\Agro-connect-prototype\frontend\node_modules\postcss\lib\node.js:166:32)
      at processApply (C:\Users\heman\Agro-connect-prototype\frontend\node_modules\tailwindcss\lib\lib\expandApplyAtRules.js:380:29)
      at C:\Users\heman\Agro-connect-prototype\frontend\node_modules\tailwindcss\lib\lib\expandApplyAtRules.js:551:9
      at C:\Users\heman\Agro-connect-prototype\frontend\node_modules\tailwindcss\lib\processTailwindFeatures.js:55:50
      at async plugins (C:\Users\heman\Agro-connect-prototype\frontend\node_modules\tailwindcss\lib\plugin.js:38:17)
      at async LazyResult.runAsync (C:\Users\heman\Agro-connect-prototype\frontend\node_modules\postcss\lib\lazy-result.js:299:11)
      at async compileCSS (file:///C:/Users/heman/Agro-connect-prototype/frontend/node_modules/vite/dist/node/chunks/dep-BK3b2jBa.js:36898:21)
      at async TransformPluginContext.transform (file:///C:/Users/heman/Agro-connect-prototype/frontend/node_modules/vite/dist/node/chunks/dep-BK3b2jBa.js:36171:11)
      at async PluginContainer.transform (file:///C:/Users/heman/Agro-connect-prototype/frontend/node_modules/vite/dist/node/chunks/dep-BK3b2jBa.js:49099:18)
      at async loadAndTransform (file:///C:/Users/heman/Agro-connect-prototype/frontend/node_modules/vite/dist/node/chunks/dep-BK3b2jBa.js:51978:27)
      at async viteTransformMiddleware (file:///C:/Users/heman/Agro-connect-prototype/frontend/node_modules/vite/dist/node/chunks/dep-BK3b2jBa.js:62106:24)
[2m5:26:42 pm[22m [31m[1m[vite][22m[39m [31mInternal server error: [postcss] C:/Users/heman/Agro-connect-prototype/frontend/src/index.css:7:1: The `border-ink-200` class does not exist. If `border-ink-200` is a custom class, make sure it is defined within a `@layer` directive.[39m
  Plugin: [35mvite:css[39m
  File: [36mC:/Users/heman/Agro-connect-prototype/frontend/src/index.css[39m:7:0
[33m  5  |  @import url('https://fonts.googleapis.com/css2?family=Fraunces:opsz,wght@9..144,400;9..144,500;9..144,600;9..144,700&family=Inter:wght@400;500;600;700&display=swap');
  6  |  
  7  |  @tailwind base;
     |  ^
  8  |  @tailwind components;
  9  |  @tailwind utilities;[39m
      at Input.error (C:\Users\heman\Agro-connect-prototype\frontend\node_modules\postcss\lib\input.js:135:16)
      at AtRule.error (C:\Users\heman\Agro-connect-prototype\frontend\node_modules\postcss\lib\node.js:166:32)
      at processApply (C:\Users\heman\Agro-connect-prototype\frontend\node_modules\tailwindcss\lib\lib\expandApplyAtRules.js:380:29)
      at C:\Users\heman\Agro-connect-prototype\frontend\node_modules\tailwindcss\lib\lib\expandApplyAtRules.js:551:9
      at C:\Users\heman\Agro-connect-prototype\frontend\node_modules\tailwindcss\lib\processTailwindFeatures.js:55:50
      at async plugins (C:\Users\heman\Agro-connect-prototype\frontend\node_modules\tailwindcss\lib\plugin.js:38:17)
      at async LazyResult.runAsync (C:\Users\heman\Agro-connect-prototype\frontend\node_modules\postcss\lib\lazy-result.js:299:11)
      at async compileCSS (file:///C:/Users/heman/Agro-connect-prototype/frontend/node_modules/vite/dist/node/chunks/dep-BK3b2jBa.js:36898:21)
      at async TransformPluginContext.transform (file:///C:/Users/heman/Agro-connect-prototype/frontend/node_modules/vite/dist/node/chunks/dep-BK3b2jBa.js:36171:11)
      at async PluginContainer.transform (file:///C:/Users/heman/Agro-connect-prototype/frontend/node_modules/vite/dist/node/chunks/dep-BK3b2jBa.js:49099:18)
      at async loadAndTransform (file:///C:/Users/heman/Agro-connect-prototype/frontend/node_modules/vite/dist/node/chunks/dep-BK3b2jBa.js:51978:27)
      at async viteTransformMiddleware (file:///C:/Users/heman/Agro-connect-prototype/frontend/node_modules/vite/dist/node/chunks/dep-BK3b2jBa.js:62106:24)
[2m5:27:15 pm[22m [31m[1m[vite][22m[39m [31mInternal server error: [postcss] C:/Users/heman/Agro-connect-prototype/frontend/src/index.css:7:1: The `border-ink-200` class does not exist. If `border-ink-200` is a custom class, make sure it is defined within a `@layer` directive.[39m
  Plugin: [35mvite:css[39m
  File: [36mC:/Users/heman/Agro-connect-prototype/frontend/src/index.css[39m:7:0
[33m  5  |  @import url('https://fonts.googleapis.com/css2?family=Fraunces:opsz,wght@9..144,400;9..144,500;9..144,600;9..144,700&family=Inter:wght@400;500;600;700&display=swap');
  6  |  
  7  |  @tailwind base;
     |  ^
  8  |  @tailwind components;
  9  |  @tailwind utilities;[39m
      at Input.error (C:\Users\heman\Agro-connect-prototype\frontend\node_modules\postcss\lib\input.js:135:16)
      at AtRule.error (C:\Users\heman\Agro-connect-prototype\frontend\node_modules\postcss\lib\node.js:166:32)
      at processApply (C:\Users\heman\Agro-connect-prototype\frontend\node_modules\tailwindcss\lib\lib\expandApplyAtRules.js:380:29)
      at C:\Users\heman\Agro-connect-prototype\frontend\node_modules\tailwindcss\lib\lib\expandApplyAtRules.js:551:9
      at C:\Users\heman\Agro-connect-prototype\frontend\node_modules\tailwindcss\lib\processTailwindFeatures.js:55:50
      at async plugins (C:\Users\heman\Agro-connect-prototype\frontend\node_modules\tailwindcss\lib\plugin.js:38:17)
      at async LazyResult.runAsync (C:\Users\heman\Agro-connect-prototype\frontend\node_modules\postcss\lib\lazy-result.js:299:11)
      at async compileCSS (file:///C:/Users/heman/Agro-connect-prototype/frontend/node_modules/vite/dist/node/chunks/dep-BK3b2jBa.js:36898:21)
      at async TransformPluginContext.transform (file:///C:/Users/heman/Agro-connect-prototype/frontend/node_modules/vite/dist/node/chunks/dep-BK3b2jBa.js:36171:11)
      at async PluginContainer.transform (file:///C:/Users/heman/Agro-connect-prototype/frontend/node_modules/vite/dist/node/chunks/dep-BK3b2jBa.js:49099:18)
      at async loadAndTransform (file:///C:/Users/heman/Agro-connect-prototype/frontend/node_modules/vite/dist/node/chunks/dep-BK3b2jBa.js:51978:27)
      at async viteTransformMiddleware (file:///C:/Users/heman/Agro-connect-prototype/frontend/node_modules/vite/dist/node/chunks/dep-BK3b2jBa.js:62106:24)
[2m5:51:12 pm[22m [31m[1m[vite][22m[39m [31mInternal server error: [postcss] C:/Users/heman/Agro-connect-prototype/frontend/src/index.css:7:1: The `border-ink-200` class does not exist. If `border-ink-200` is a custom class, make sure it is defined within a `@layer` directive.[39m
  Plugin: [35mvite:css[39m
  File: [36mC:/Users/heman/Agro-connect-prototype/frontend/src/index.css[39m:7:0
[33m  5  |  @import url('https://fonts.googleapis.com/css2?family=Fraunces:opsz,wght@9..144,400;9..144,500;9..144,600;9..144,700&family=Inter:wght@400;500;600;700&display=swap');
  6  |  
  7  |  @tailwind base;
     |  ^
  8  |  @tailwind components;
  9  |  @tailwind utilities;[39m
      at Input.error (C:\Users\heman\Agro-connect-prototype\frontend\node_modules\postcss\lib\input.js:135:16)
      at AtRule.error (C:\Users\heman\Agro-connect-prototype\frontend\node_modules\postcss\lib\node.js:166:32)
      at processApply (C:\Users\heman\Agro-connect-prototype\frontend\node_modules\tailwindcss\lib\lib\expandApplyAtRules.js:380:29)
      at C:\Users\heman\Agro-connect-prototype\frontend\node_modules\tailwindcss\lib\lib\expandApplyAtRules.js:551:9
      at C:\Users\heman\Agro-connect-prototype\frontend\node_modules\tailwindcss\lib\processTailwindFeatures.js:55:50
      at async plugins (C:\Users\heman\Agro-connect-prototype\frontend\node_modules\tailwindcss\lib\plugin.js:38:17)
      at async LazyResult.runAsync (C:\Users\heman\Agro-connect-prototype\frontend\node_modules\postcss\lib\lazy-result.js:299:11)
      at async compileCSS (file:///C:/Users/heman/Agro-connect-prototype/frontend/node_modules/vite/dist/node/chunks/dep-BK3b2jBa.js:36898:21)
      at async TransformPluginContext.transform (file:///C:/Users/heman/Agro-connect-prototype/frontend/node_modules/vite/dist/node/chunks/dep-BK3b2jBa.js:36171:11)
      at async PluginContainer.transform (file:///C:/Users/heman/Agro-connect-prototype/frontend/node_modules/vite/dist/node/chunks/dep-BK3b2jBa.js:49099:18)
      at async loadAndTransform (file:///C:/Users/heman/Agro-connect-prototype/frontend/node_modules/vite/dist/node/chunks/dep-BK3b2jBa.js:51978:27)
      at async viteTransformMiddleware (file:///C:/Users/heman/Agro-connect-prototype/frontend/node_modules/vite/dist/node/chunks/dep-BK3b2jBa.js:62106:24)
[2m8:02:33 pm[22m [31m[1m[vite][22m[39m [31mInternal server error: [postcss] C:/Users/heman/Agro-connect-prototype/frontend/src/index.css:7:1: The `border-ink-200` class does not exist. If `border-ink-200` is a custom class, make sure it is defined within a `@layer` directive.[39m
  Plugin: [35mvite:css[39m
  File: [36mC:/Users/heman/Agro-connect-prototype/frontend/src/index.css[39m:7:0
[33m  5  |  @import url('https://fonts.googleapis.com/css2?family=Fraunces:opsz,wght@9..144,400;9..144,500;9..144,600;9..144,700&family=Inter:wght@400;500;600;700&display=swap');
  6  |  
  7  |  @tailwind base;
     |  ^
  8  |  @tailwind components;
  9  |  @tailwind utilities;[39m
      at Input.error (C:\Users\heman\Agro-connect-prototype\frontend\node_modules\postcss\lib\input.js:135:16)
      at AtRule.error (C:\Users\heman\Agro-connect-prototype\frontend\node_modules\postcss\lib\node.js:166:32)
      at processApply (C:\Users\heman\Agro-connect-prototype\frontend\node_modules\tailwindcss\lib\lib\expandApplyAtRules.js:380:29)
      at C:\Users\heman\Agro-connect-prototype\frontend\node_modules\tailwindcss\lib\lib\expandApplyAtRules.js:551:9
      at C:\Users\heman\Agro-connect-prototype\frontend\node_modules\tailwindcss\lib\processTailwindFeatures.js:55:50
      at async plugins (C:\Users\heman\Agro-connect-prototype\frontend\node_modules\tailwindcss\lib\plugin.js:38:17)
      at async LazyResult.runAsync (C:\Users\heman\Agro-connect-prototype\frontend\node_modules\postcss\lib\lazy-result.js:299:11)
      at async compileCSS (file:///C:/Users/heman/Agro-connect-prototype/frontend/node_modules/vite/dist/node/chunks/dep-BK3b2jBa.js:36898:21)
      at async TransformPluginContext.transform (file:///C:/Users/heman/Agro-connect-prototype/frontend/node_modules/vite/dist/node/chunks/dep-BK3b2jBa.js:36171:11)
      at async PluginContainer.transform (file:///C:/Users/heman/Agro-connect-prototype/frontend/node_modules/vite/dist/node/chunks/dep-BK3b2jBa.js:49099:18)
      at async loadAndTransform (file:///C:/Users/heman/Agro-connect-prototype/frontend/node_modules/vite/dist/node/chunks/dep-BK3b2jBa.js:51978:27)
      at async viteTransformMiddleware (file:///C:/Users/heman/Agro-connect-prototype/frontend/node_modules/vite/dist/node/chunks/dep-BK3b2jBa.js:62106:24)
[2m9:22:31 pm[22m [31m[1m[vite][22m[39m [31mInternal server error: [postcss] C:/Users/heman/Agro-connect-prototype/frontend/src/index.css:7:1: The `border-ink-200` class does not exist. If `border-ink-200` is a custom class, make sure it is defined within a `@layer` directive.[39m
  Plugin: [35mvite:css[39m
  File: [36mC:/Users/heman/Agro-connect-prototype/frontend/src/index.css[39m:7:0
[33m  5  |  @import url('https://fonts.googleapis.com/css2?family=Fraunces:opsz,wght@9..144,400;9..144,500;9..144,600;9..144,700&family=Inter:wght@400;500;600;700&display=swap');
  6  |  
  7  |  @tailwind base;
     |  ^
  8  |  @tailwind components;
  9  |  @tailwind utilities;[39m
      at Input.error (C:\Users\heman\Agro-connect-prototype\frontend\node_modules\postcss\lib\input.js:135:16)
      at AtRule.error (C:\Users\heman\Agro-connect-prototype\frontend\node_modules\postcss\lib\node.js:166:32)
      at processApply (C:\Users\heman\Agro-connect-prototype\frontend\node_modules\tailwindcss\lib\lib\expandApplyAtRules.js:380:29)
      at C:\Users\heman\Agro-connect-prototype\frontend\node_modules\tailwindcss\lib\lib\expandApplyAtRules.js:551:9
      at C:\Users\heman\Agro-connect-prototype\frontend\node_modules\tailwindcss\lib\processTailwindFeatures.js:55:50
      at async plugins (C:\Users\heman\Agro-connect-prototype\frontend\node_modules\tailwindcss\lib\plugin.js:38:17)
      at async LazyResult.runAsync (C:\Users\heman\Agro-connect-prototype\frontend\node_modules\postcss\lib\lazy-result.js:299:11)
      at async compileCSS (file:///C:/Users/heman/Agro-connect-prototype/frontend/node_modules/vite/dist/node/chunks/dep-BK3b2jBa.js:36898:21)
      at async TransformPluginContext.transform (file:///C:/Users/heman/Agro-connect-prototype/frontend/node_modules/vite/dist/node/chunks/dep-BK3b2jBa.js:36171:11)
      at async PluginContainer.transform (file:///C:/Users/heman/Agro-connect-prototype/frontend/node_modules/vite/dist/node/chunks/dep-BK3b2jBa.js:49099:18)
      at async loadAndTransform (file:///C:/Users/heman/Agro-connect-prototype/frontend/node_modules/vite/dist/node/chunks/dep-BK3b2jBa.js:51978:27)
      at async viteTransformMiddleware (file:///C:/Users/heman/Agro-connect-prototype/frontend/node_modules/vite/dist/node/chunks/dep-BK3b2jBa.js:62106:24)
[2m9:24:34 pm[22m [31m[1m[vite][22m[39m [31mInternal server error: [postcss] C:/Users/heman/Agro-connect-prototype/frontend/src/index.css:7:1: The `border-ink-200` class does not exist. If `border-ink-200` is a custom class, make sure it is defined within a `@layer` directive.[39m
  Plugin: [35mvite:css[39m
  File: [36mC:/Users/heman/Agro-connect-prototype/frontend/src/index.css[39m:7:0
[33m  5  |  @import url('https://fonts.googleapis.com/css2?family=Fraunces:opsz,wght@9..144,400;9..144,500;9..144,600;9..144,700&family=Inter:wght@400;500;600;700&display=swap');
  6  |  
  7  |  @tailwind base;
     |  ^
  8  |  @tailwind components;
  9  |  @tailwind utilities;[39m
      at Input.error (C:\Users\heman\Agro-connect-prototype\frontend\node_modules\postcss\lib\input.js:135:16)
      at AtRule.error (C:\Users\heman\Agro-connect-prototype\frontend\node_modules\postcss\lib\node.js:166:32)
      at processApply (C:\Users\heman\Agro-connect-prototype\frontend\node_modules\tailwindcss\lib\lib\expandApplyAtRules.js:380:29)
      at C:\Users\heman\Agro-connect-prototype\frontend\node_modules\tailwindcss\lib\lib\expandApplyAtRules.js:551:9
      at C:\Users\heman\Agro-connect-prototype\frontend\node_modules\tailwindcss\lib\processTailwindFeatures.js:55:50
      at async plugins (C:\Users\heman\Agro-connect-prototype\frontend\node_modules\tailwindcss\lib\plugin.js:38:17)
      at async LazyResult.runAsync (C:\Users\heman\Agro-connect-prototype\frontend\node_modules\postcss\lib\lazy-result.js:299:11)
      at async compileCSS (file:///C:/Users/heman/Agro-connect-prototype/frontend/node_modules/vite/dist/node/chunks/dep-BK3b2jBa.js:36898:21)
      at async TransformPluginContext.transform (file:///C:/Users/heman/Agro-connect-prototype/frontend/node_modules/vite/dist/node/chunks/dep-BK3b2jBa.js:36171:11)
      at async PluginContainer.transform (file:///C:/Users/heman/Agro-connect-prototype/frontend/node_modules/vite/dist/node/chunks/dep-BK3b2jBa.js:49099:18)
      at async loadAndTransform (file:///C:/Users/heman/Agro-connect-prototype/frontend/node_modules/vite/dist/node/chunks/dep-BK3b2jBa.js:51978:27)
      at async viteTransformMiddleware (file:///C:/Users/heman/Agro-connect-prototype/frontend/node_modules/vite/dist/node/chunks/dep-BK3b2jBa.js:62106:24)
[2m9:58:21 pm[22m [31m[1m[vite][22m[39m [31mInternal server error: [postcss] C:/Users/heman/Agro-connect-prototype/frontend/src/index.css:7:1: The `border-ink-200` class does not exist. If `border-ink-200` is a custom class, make sure it is defined within a `@layer` directive.[39m
  Plugin: [35mvite:css[39m
  File: [36mC:/Users/heman/Agro-connect-prototype/frontend/src/index.css[39m:7:0
[33m  5  |  @import url('https://fonts.googleapis.com/css2?family=Fraunces:opsz,wght@9..144,400;9..144,500;9..144,600;9..144,700&family=Inter:wght@400;500;600;700&display=swap');
  6  |  
  7  |  @tailwind base;
     |  ^
  8  |  @tailwind components;
  9  |  @tailwind utilities;[39m
      at Input.error (C:\Users\heman\Agro-connect-prototype\frontend\node_modules\postcss\lib\input.js:135:16)
      at AtRule.error (C:\Users\heman\Agro-connect-prototype\frontend\node_modules\postcss\lib\node.js:166:32)
      at processApply (C:\Users\heman\Agro-connect-prototype\frontend\node_modules\tailwindcss\lib\lib\expandApplyAtRules.js:380:29)
      at C:\Users\heman\Agro-connect-prototype\frontend\node_modules\tailwindcss\lib\lib\expandApplyAtRules.js:551:9
      at C:\Users\heman\Agro-connect-prototype\frontend\node_modules\tailwindcss\lib\processTailwindFeatures.js:55:50
      at async plugins (C:\Users\heman\Agro-connect-prototype\frontend\node_modules\tailwindcss\lib\plugin.js:38:17)
      at async LazyResult.runAsync (C:\Users\heman\Agro-connect-prototype\frontend\node_modules\postcss\lib\lazy-result.js:299:11)
      at async compileCSS (file:///C:/Users/heman/Agro-connect-prototype/frontend/node_modules/vite/dist/node/chunks/dep-BK3b2jBa.js:36898:21)
      at async TransformPluginContext.transform (file:///C:/Users/heman/Agro-connect-prototype/frontend/node_modules/vite/dist/node/chunks/dep-BK3b2jBa.js:36171:11)
      at async PluginContainer.transform (file:///C:/Users/heman/Agro-connect-prototype/frontend/node_modules/vite/dist/node/chunks/dep-BK3b2jBa.js:49099:18)
      at async loadAndTransform (file:///C:/Users/heman/Agro-connect-prototype/frontend/node_modules/vite/dist/node/chunks/dep-BK3b2jBa.js:51978:27)
      at async viteTransformMiddleware (file:///C:/Users/heman/Agro-connect-prototype/frontend/node_modules/vite/dist/node/chunks/dep-BK3b2jBa.js:62106:24)
[2m7:41:11 am[22m [31m[1m[vite][22m[39m [31mInternal server error: [postcss] C:/Users/heman/Agro-connect-prototype/frontend/src/index.css:7:1: The `border-ink-200` class does not exist. If `border-ink-200` is a custom class, make sure it is defined within a `@layer` directive.[39m
  Plugin: [35mvite:css[39m
  File: [36mC:/Users/heman/Agro-connect-prototype/frontend/src/index.css[39m:7:0
[33m  5  |  @import url('https://fonts.googleapis.com/css2?family=Fraunces:opsz,wght@9..144,400;9..144,500;9..144,600;9..144,700&family=Inter:wght@400;500;600;700&display=swap');
  6  |  
  7  |  @tailwind base;
     |  ^
  8  |  @tailwind components;
  9  |  @tailwind utilities;[39m
      at Input.error (C:\Users\heman\Agro-connect-prototype\frontend\node_modules\postcss\lib\input.js:135:16)
      at AtRule.error (C:\Users\heman\Agro-connect-prototype\frontend\node_modules\postcss\lib\node.js:166:32)
      at processApply (C:\Users\heman\Agro-connect-prototype\frontend\node_modules\tailwindcss\lib\lib\expandApplyAtRules.js:380:29)
      at C:\Users\heman\Agro-connect-prototype\frontend\node_modules\tailwindcss\lib\lib\expandApplyAtRules.js:551:9
      at C:\Users\heman\Agro-connect-prototype\frontend\node_modules\tailwindcss\lib\processTailwindFeatures.js:55:50
      at async plugins (C:\Users\heman\Agro-connect-prototype\frontend\node_modules\tailwindcss\lib\plugin.js:38:17)
      at async LazyResult.runAsync (C:\Users\heman\Agro-connect-prototype\frontend\node_modules\postcss\lib\lazy-result.js:299:11)
      at async compileCSS (file:///C:/Users/heman/Agro-connect-prototype/frontend/node_modules/vite/dist/node/chunks/dep-BK3b2jBa.js:36898:21)
      at async TransformPluginContext.transform (file:///C:/Users/heman/Agro-connect-prototype/frontend/node_modules/vite/dist/node/chunks/dep-BK3b2jBa.js:36171:11)
      at async PluginContainer.transform (file:///C:/Users/heman/Agro-connect-prototype/frontend/node_modules/vite/dist/node/chunks/dep-BK3b2jBa.js:49099:18)
      at async loadAndTransform (file:///C:/Users/heman/Agro-connect-prototype/frontend/node_modules/vite/dist/node/chunks/dep-BK3b2jBa.js:51978:27)
      at async viteTransformMiddleware (file:///C:/Users/heman/Agro-connect-prototype/frontend/node_modules/vite/dist/node/chunks/dep-BK3b2jBa.js:62106:24)
[2m7:41:41 am[22m [31m[1m[vite][22m[39m [31mInternal server error: [postcss] C:/Users/heman/Agro-connect-prototype/frontend/src/index.css:7:1: The `border-ink-200` class does not exist. If `border-ink-200` is a custom class, make sure it is defined within a `@layer` directive.[39m
  Plugin: [35mvite:css[39m
  File: [36mC:/Users/heman/Agro-connect-prototype/frontend/src/index.css[39m:7:0
[33m  5  |  @import url('https://fonts.googleapis.com/css2?family=Fraunces:opsz,wght@9..144,400;9..144,500;9..144,600;9..144,700&family=Inter:wght@400;500;600;700&display=swap');
  6  |  
  7  |  @tailwind base;
     |  ^
  8  |  @tailwind components;
  9  |  @tailwind utilities;[39m
      at Input.error (C:\Users\heman\Agro-connect-prototype\frontend\node_modules\postcss\lib\input.js:135:16)
      at AtRule.error (C:\Users\heman\Agro-connect-prototype\frontend\node_modules\postcss\lib\node.js:166:32)
      at processApply (C:\Users\heman\Agro-connect-prototype\frontend\node_modules\tailwindcss\lib\lib\expandApplyAtRules.js:380:29)
      at C:\Users\heman\Agro-connect-prototype\frontend\node_modules\tailwindcss\lib\lib\expandApplyAtRules.js:551:9
      at C:\Users\heman\Agro-connect-prototype\frontend\node_modules\tailwindcss\lib\processTailwindFeatures.js:55:50
      at async plugins (C:\Users\heman\Agro-connect-prototype\frontend\node_modules\tailwindcss\lib\plugin.js:38:17)
      at async LazyResult.runAsync (C:\Users\heman\Agro-connect-prototype\frontend\node_modules\postcss\lib\lazy-result.js:299:11)
      at async compileCSS (file:///C:/Users/heman/Agro-connect-prototype/frontend/node_modules/vite/dist/node/chunks/dep-BK3b2jBa.js:36898:21)
      at async TransformPluginContext.transform (file:///C:/Users/heman/Agro-connect-prototype/frontend/node_modules/vite/dist/node/chunks/dep-BK3b2jBa.js:36171:11)
      at async PluginContainer.transform (file:///C:/Users/heman/Agro-connect-prototype/frontend/node_modules/vite/dist/node/chunks/dep-BK3b2jBa.js:49099:18)
      at async loadAndTransform (file:///C:/Users/heman/Agro-connect-prototype/frontend/node_modules/vite/dist/node/chunks/dep-BK3b2jBa.js:51978:27)
      at async viteTransformMiddleware (file:///C:/Users/heman/Agro-connect-prototype/frontend/node_modules/vite/dist/node/chunks/dep-BK3b2jBa.js:62106:24)
[2m8:55:34 am[22m [31m[1m[vite][22m[39m [31mInternal server error: [postcss] C:/Users/heman/Agro-connect-prototype/frontend/src/index.css:7:1: The `border-ink-200` class does not exist. If `border-ink-200` is a custom class, make sure it is defined within a `@layer` directive.[39m
  Plugin: [35mvite:css[39m
  File: [36mC:/Users/heman/Agro-connect-prototype/frontend/src/index.css[39m:7:0
[33m  5  |  @import url('https://fonts.googleapis.com/css2?family=Fraunces:opsz,wght@9..144,400;9..144,500;9..144,600;9..144,700&family=Inter:wght@400;500;600;700&display=swap');
  6  |  
  7  |  @tailwind base;
     |  ^
  8  |  @tailwind components;
  9  |  @tailwind utilities;[39m
      at Input.error (C:\Users\heman\Agro-connect-prototype\frontend\node_modules\postcss\lib\input.js:135:16)
      at AtRule.error (C:\Users\heman\Agro-connect-prototype\frontend\node_modules\postcss\lib\node.js:166:32)
      at processApply (C:\Users\heman\Agro-connect-prototype\frontend\node_modules\tailwindcss\lib\lib\expandApplyAtRules.js:380:29)
      at C:\Users\heman\Agro-connect-prototype\frontend\node_modules\tailwindcss\lib\lib\expandApplyAtRules.js:551:9
      at C:\Users\heman\Agro-connect-prototype\frontend\node_modules\tailwindcss\lib\processTailwindFeatures.js:55:50
      at async plugins (C:\Users\heman\Agro-connect-prototype\frontend\node_modules\tailwindcss\lib\plugin.js:38:17)
      at async LazyResult.runAsync (C:\Users\heman\Agro-connect-prototype\frontend\node_modules\postcss\lib\lazy-result.js:299:11)
      at async compileCSS (file:///C:/Users/heman/Agro-connect-prototype/frontend/node_modules/vite/dist/node/chunks/dep-BK3b2jBa.js:36898:21)
      at async TransformPluginContext.transform (file:///C:/Users/heman/Agro-connect-prototype/frontend/node_modules/vite/dist/node/chunks/dep-BK3b2jBa.js:36171:11)
      at async PluginContainer.transform (file:///C:/Users/heman/Agro-connect-prototype/frontend/node_modules/vite/dist/node/chunks/dep-BK3b2jBa.js:49099:18)
      at async loadAndTransform (file:///C:/Users/heman/Agro-connect-prototype/frontend/node_modules/vite/dist/node/chunks/dep-BK3b2jBa.js:51978:27)
      at async viteTransformMiddleware (file:///C:/Users/heman/Agro-connect-prototype/frontend/node_modules/vite/dist/node/chunks/dep-BK3b2jBa.js:62106:24)
[2m8:55:55 am[22m [31m[1m[vite][22m[39m [31mInternal server error: [postcss] C:/Users/heman/Agro-connect-prototype/frontend/src/index.css:7:1: The `border-ink-200` class does not exist. If `border-ink-200` is a custom class, make sure it is defined within a `@layer` directive.[39m
  Plugin: [35mvite:css[39m
  File: [36mC:/Users/heman/Agro-connect-prototype/frontend/src/index.css[39m:7:0
[33m  5  |  @import url('https://fonts.googleapis.com/css2?family=Fraunces:opsz,wght@9..144,400;9..144,500;9..144,600;9..144,700&family=Inter:wght@400;500;600;700&display=swap');
  6  |  
  7  |  @tailwind base;
     |  ^
  8  |  @tailwind components;
  9  |  @tailwind utilities;[39m
      at Input.error (C:\Users\heman\Agro-connect-prototype\frontend\node_modules\postcss\lib\input.js:135:16)
      at AtRule.error (C:\Users\heman\Agro-connect-prototype\frontend\node_modules\postcss\lib\node.js:166:32)
      at processApply (C:\Users\heman\Agro-connect-prototype\frontend\node_modules\tailwindcss\lib\lib\expandApplyAtRules.js:380:29)
      at C:\Users\heman\Agro-connect-prototype\frontend\node_modules\tailwindcss\lib\lib\expandApplyAtRules.js:551:9
      at C:\Users\heman\Agro-connect-prototype\frontend\node_modules\tailwindcss\lib\processTailwindFeatures.js:55:50
      at async plugins (C:\Users\heman\Agro-connect-prototype\frontend\node_modules\tailwindcss\lib\plugin.js:38:17)
      at async LazyResult.runAsync (C:\Users\heman\Agro-connect-prototype\frontend\node_modules\postcss\lib\lazy-result.js:299:11)
      at async compileCSS (file:///C:/Users/heman/Agro-connect-prototype/frontend/node_modules/vite/dist/node/chunks/dep-BK3b2jBa.js:36898:21)
      at async TransformPluginContext.transform (file:///C:/Users/heman/Agro-connect-prototype/frontend/node_modules/vite/dist/node/chunks/dep-BK3b2jBa.js:36171:11)
      at async PluginContainer.transform (file:///C:/Users/heman/Agro-connect-prototype/frontend/node_modules/vite/dist/node/chunks/dep-BK3b2jBa.js:49099:18)
      at async loadAndTransform (file:///C:/Users/heman/Agro-connect-prototype/frontend/node_modules/vite/dist/node/chunks/dep-BK3b2jBa.js:51978:27)
      at async viteTransformMiddleware (file:///C:/Users/heman/Agro-connect-prototype/frontend/node_modules/vite/dist/node/chunks/dep-BK3b2jBa.js:62106:24)
[2m11:13:36 am[22m [31m[1m[vite][22m[39m [31mInternal server error: [postcss] C:/Users/heman/Agro-connect-prototype/frontend/src/index.css:7:1: The `border-ink-200` class does not exist. If `border-ink-200` is a custom class, make sure it is defined within a `@layer` directive.[39m
  Plugin: [35mvite:css[39m
  File: [36mC:/Users/heman/Agro-connect-prototype/frontend/src/index.css[39m:7:0
[33m  5  |  @import url('https://fonts.googleapis.com/css2?family=Fraunces:opsz,wght@9..144,400;9..144,500;9..144,600;9..144,700&family=Inter:wght@400;500;600;700&display=swap');
  6  |  
  7  |  @tailwind base;
     |  ^
  8  |  @tailwind components;
  9  |  @tailwind utilities;[39m
      at Input.error (C:\Users\heman\Agro-connect-prototype\frontend\node_modules\postcss\lib\input.js:135:16)
      at AtRule.error (C:\Users\heman\Agro-connect-prototype\frontend\node_modules\postcss\lib\node.js:166:32)
      at processApply (C:\Users\heman\Agro-connect-prototype\frontend\node_modules\tailwindcss\lib\lib\expandApplyAtRules.js:380:29)
      at C:\Users\heman\Agro-connect-prototype\frontend\node_modules\tailwindcss\lib\lib\expandApplyAtRules.js:551:9
      at C:\Users\heman\Agro-connect-prototype\frontend\node_modules\tailwindcss\lib\processTailwindFeatures.js:55:50
      at async plugins (C:\Users\heman\Agro-connect-prototype\frontend\node_modules\tailwindcss\lib\plugin.js:38:17)
      at async LazyResult.runAsync (C:\Users\heman\Agro-connect-prototype\frontend\node_modules\postcss\lib\lazy-result.js:299:11)
      at async compileCSS (file:///C:/Users/heman/Agro-connect-prototype/frontend/node_modules/vite/dist/node/chunks/dep-BK3b2jBa.js:36898:21)
      at async TransformPluginContext.transform (file:///C:/Users/heman/Agro-connect-prototype/frontend/node_modules/vite/dist/node/chunks/dep-BK3b2jBa.js:36171:11)
      at async PluginContainer.transform (file:///C:/Users/heman/Agro-connect-prototype/frontend/node_modules/vite/dist/node/chunks/dep-BK3b2jBa.js:49099:18)
      at async loadAndTransform (file:///C:/Users/heman/Agro-connect-prototype/frontend/node_modules/vite/dist/node/chunks/dep-BK3b2jBa.js:51978:27)
      at async viteTransformMiddleware (file:///C:/Users/heman/Agro-connect-prototype/frontend/node_modules/vite/dist/node/chunks/dep-BK3b2jBa.js:62106:24)
[2m1:55:52 pm[22m [31m[1m[vite][22m[39m [31mInternal server error: [postcss] C:/Users/heman/Agro-connect-prototype/frontend/src/index.css:7:1: The `border-ink-200` class does not exist. If `border-ink-200` is a custom class, make sure it is defined within a `@layer` directive.[39m
  Plugin: [35mvite:css[39m
  File: [36mC:/Users/heman/Agro-connect-prototype/frontend/src/index.css[39m:7:0
[33m  5  |  @import url('https://fonts.googleapis.com/css2?family=Fraunces:opsz,wght@9..144,400;9..144,500;9..144,600;9..144,700&family=Inter:wght@400;500;600;700&display=swap');
  6  |  
  7  |  @tailwind base;
     |  ^
  8  |  @tailwind components;
  9  |  @tailwind utilities;[39m
      at Input.error (C:\Users\heman\Agro-connect-prototype\frontend\node_modules\postcss\lib\input.js:135:16)
      at AtRule.error (C:\Users\heman\Agro-connect-prototype\frontend\node_modules\postcss\lib\node.js:166:32)
      at processApply (C:\Users\heman\Agro-connect-prototype\frontend\node_modules\tailwindcss\lib\lib\expandApplyAtRules.js:380:29)
      at C:\Users\heman\Agro-connect-prototype\frontend\node_modules\tailwindcss\lib\lib\expandApplyAtRules.js:551:9
      at C:\Users\heman\Agro-connect-prototype\frontend\node_modules\tailwindcss\lib\processTailwindFeatures.js:55:50
      at async plugins (C:\Users\heman\Agro-connect-prototype\frontend\node_modules\tailwindcss\lib\plugin.js:38:17)
      at async LazyResult.runAsync (C:\Users\heman\Agro-connect-prototype\frontend\node_modules\postcss\lib\lazy-result.js:299:11)
      at async compileCSS (file:///C:/Users/heman/Agro-connect-prototype/frontend/node_modules/vite/dist/node/chunks/dep-BK3b2jBa.js:36898:21)
      at async TransformPluginContext.transform (file:///C:/Users/heman/Agro-connect-prototype/frontend/node_modules/vite/dist/node/chunks/dep-BK3b2jBa.js:36171:11)
      at async PluginContainer.transform (file:///C:/Users/heman/Agro-connect-prototype/frontend/node_modules/vite/dist/node/chunks/dep-BK3b2jBa.js:49099:18)
      at async loadAndTransform (file:///C:/Users/heman/Agro-connect-prototype/frontend/node_modules/vite/dist/node/chunks/dep-BK3b2jBa.js:51978:27)
      at async viteTransformMiddleware (file:///C:/Users/heman/Agro-connect-prototype/frontend/node_modules/vite/dist/node/chunks/dep-BK3b2jBa.js:62106:24)
[2m2:14:11 pm[22m [31m[1m[vite][22m[39m [31mInternal server error: [postcss] C:/Users/heman/Agro-connect-prototype/frontend/src/index.css:7:1: The `border-ink-200` class does not exist. If `border-ink-200` is a custom class, make sure it is defined within a `@layer` directive.[39m
  Plugin: [35mvite:css[39m
  File: [36mC:/Users/heman/Agro-connect-prototype/frontend/src/index.css[39m:7:0
[33m  5  |  @import url('https://fonts.googleapis.com/css2?family=Fraunces:opsz,wght@9..144,400;9..144,500;9..144,600;9..144,700&family=Inter:wght@400;500;600;700&display=swap');
  6  |  
  7  |  @tailwind base;
     |  ^
  8  |  @tailwind components;
  9  |  @tailwind utilities;[39m
      at Input.error (C:\Users\heman\Agro-connect-prototype\frontend\node_modules\postcss\lib\input.js:135:16)
      at AtRule.error (C:\Users\heman\Agro-connect-prototype\frontend\node_modules\postcss\lib\node.js:166:32)
      at processApply (C:\Users\heman\Agro-connect-prototype\frontend\node_modules\tailwindcss\lib\lib\expandApplyAtRules.js:380:29)
      at C:\Users\heman\Agro-connect-prototype\frontend\node_modules\tailwindcss\lib\lib\expandApplyAtRules.js:551:9
      at C:\Users\heman\Agro-connect-prototype\frontend\node_modules\tailwindcss\lib\processTailwindFeatures.js:55:50
      at async plugins (C:\Users\heman\Agro-connect-prototype\frontend\node_modules\tailwindcss\lib\plugin.js:38:17)
      at async LazyResult.runAsync (C:\Users\heman\Agro-connect-prototype\frontend\node_modules\postcss\lib\lazy-result.js:299:11)
      at async compileCSS (file:///C:/Users/heman/Agro-connect-prototype/frontend/node_modules/vite/dist/node/chunks/dep-BK3b2jBa.js:36898:21)
      at async TransformPluginContext.transform (file:///C:/Users/heman/Agro-connect-prototype/frontend/node_modules/vite/dist/node/chunks/dep-BK3b2jBa.js:36171:11)
      at async PluginContainer.transform (file:///C:/Users/heman/Agro-connect-prototype/frontend/node_modules/vite/dist/node/chunks/dep-BK3b2jBa.js:49099:18)
      at async loadAndTransform (file:///C:/Users/heman/Agro-connect-prototype/frontend/node_modules/vite/dist/node/chunks/dep-BK3b2jBa.js:51978:27)
      at async viteTransformMiddleware (file:///C:/Users/heman/Agro-connect-prototype/frontend/node_modules/vite/dist/node/chunks/dep-BK3b2jBa.js:62106:24)
[2m2:14:49 pm[22m [31m[1m[vite][22m[39m [31mInternal server error: [postcss] C:/Users/heman/Agro-connect-prototype/frontend/src/index.css:7:1: The `border-ink-200` class does not exist. If `border-ink-200` is a custom class, make sure it is defined within a `@layer` directive.[39m
  Plugin: [35mvite:css[39m
  File: [36mC:/Users/heman/Agro-connect-prototype/frontend/src/index.css[39m:7:0
[33m  5  |  @import url('https://fonts.googleapis.com/css2?family=Fraunces:opsz,wght@9..144,400;9..144,500;9..144,600;9..144,700&family=Inter:wght@400;500;600;700&display=swap');
  6  |  
  7  |  @tailwind base;
     |  ^
  8  |  @tailwind components;
  9  |  @tailwind utilities;[39m
      at Input.error (C:\Users\heman\Agro-connect-prototype\frontend\node_modules\postcss\lib\input.js:135:16)
      at AtRule.error (C:\Users\heman\Agro-connect-prototype\frontend\node_modules\postcss\lib\node.js:166:32)
      at processApply (C:\Users\heman\Agro-connect-prototype\frontend\node_modules\tailwindcss\lib\lib\expandApplyAtRules.js:380:29)
      at C:\Users\heman\Agro-connect-prototype\frontend\node_modules\tailwindcss\lib\lib\expandApplyAtRules.js:551:9
      at C:\Users\heman\Agro-connect-prototype\frontend\node_modules\tailwindcss\lib\processTailwindFeatures.js:55:50
      at async plugins (C:\Users\heman\Agro-connect-prototype\frontend\node_modules\tailwindcss\lib\plugin.js:38:17)
      at async LazyResult.runAsync (C:\Users\heman\Agro-connect-prototype\frontend\node_modules\postcss\lib\lazy-result.js:299:11)
      at async compileCSS (file:///C:/Users/heman/Agro-connect-prototype/frontend/node_modules/vite/dist/node/chunks/dep-BK3b2jBa.js:36898:21)
      at async TransformPluginContext.transform (file:///C:/Users/heman/Agro-connect-prototype/frontend/node_modules/vite/dist/node/chunks/dep-BK3b2jBa.js:36171:11)
      at async PluginContainer.transform (file:///C:/Users/heman/Agro-connect-prototype/frontend/node_modules/vite/dist/node/chunks/dep-BK3b2jBa.js:49099:18)
      at async loadAndTransform (file:///C:/Users/heman/Agro-connect-prototype/frontend/node_modules/vite/dist/node/chunks/dep-BK3b2jBa.js:51978:27)
      at async viteTransformMiddleware (file:///C:/Users/heman/Agro-connect-prototype/frontend/node_modules/vite/dist/node/chunks/dep-BK3b2jBa.js:62106:24)
[2m2:34:09 pm[22m [36m[1m[vite][22m[39m [32mpage reload [39m[2msrc/redux/slices/fpoSlice.js[22m
[2m2:34:09 pm[22m [31m[1m[vite][22m[39m Pre-transform error: [postcss] C:/Users/heman/Agro-connect-prototype/frontend/src/index.css:7:1: The `border-ink-200` class does not exist. If `border-ink-200` is a custom class, make sure it is defined within a `@layer` directive.
[2m2:34:09 pm[22m [31m[1m[vite][22m[39m [31mInternal server error: [postcss] C:/Users/heman/Agro-connect-prototype/frontend/src/index.css:7:1: The `border-ink-200` class does not exist. If `border-ink-200` is a custom class, make sure it is defined within a `@layer` directive.[39m
  Plugin: [35mvite:css[39m
  File: [36mC:/Users/heman/Agro-connect-prototype/frontend/src/index.css[39m:7:0
[33m  5  |  @import url('https://fonts.googleapis.com/css2?family=Fraunces:opsz,wght@9..144,400;9..144,500;9..144,600;9..144,700&family=Inter:wght@400;500;600;700&display=swap');
  6  |  
  7  |  @tailwind base;
     |  ^
  8  |  @tailwind components;
  9  |  @tailwind utilities;[39m
      at Input.error (C:\Users\heman\Agro-connect-prototype\frontend\node_modules\postcss\lib\input.js:135:16)
      at AtRule.error (C:\Users\heman\Agro-connect-prototype\frontend\node_modules\postcss\lib\node.js:166:32)
      at processApply (C:\Users\heman\Agro-connect-prototype\frontend\node_modules\tailwindcss\lib\lib\expandApplyAtRules.js:380:29)
      at C:\Users\heman\Agro-connect-prototype\frontend\node_modules\tailwindcss\lib\lib\expandApplyAtRules.js:551:9
      at C:\Users\heman\Agro-connect-prototype\frontend\node_modules\tailwindcss\lib\processTailwindFeatures.js:55:50
      at async plugins (C:\Users\heman\Agro-connect-prototype\frontend\node_modules\tailwindcss\lib\plugin.js:38:17)
      at async LazyResult.runAsync (C:\Users\heman\Agro-connect-prototype\frontend\node_modules\postcss\lib\lazy-result.js:299:11)
      at async compileCSS (file:///C:/Users/heman/Agro-connect-prototype/frontend/node_modules/vite/dist/node/chunks/dep-BK3b2jBa.js:36898:21)
      at async TransformPluginContext.transform (file:///C:/Users/heman/Agro-connect-prototype/frontend/node_modules/vite/dist/node/chunks/dep-BK3b2jBa.js:36171:11)
      at async PluginContainer.transform (file:///C:/Users/heman/Agro-connect-prototype/frontend/node_modules/vite/dist/node/chunks/dep-BK3b2jBa.js:49099:18)
      at async loadAndTransform (file:///C:/Users/heman/Agro-connect-prototype/frontend/node_modules/vite/dist/node/chunks/dep-BK3b2jBa.js:51978:27)
      at async viteTransformMiddleware (file:///C:/Users/heman/Agro-connect-prototype/frontend/node_modules/vite/dist/node/chunks/dep-BK3b2jBa.js:62106:24)
[2m2:34:15 pm[22m [36m[1m[vite][22m[39m [32mpage reload [39m[2msrc/redux/slices/fpoSlice.js[22m
[2m2:34:15 pm[22m [31m[1m[vite][22m[39m Pre-transform error: [postcss] C:/Users/heman/Agro-connect-prototype/frontend/src/index.css:7:1: The `border-ink-200` class does not exist. If `border-ink-200` is a custom class, make sure it is defined within a `@layer` directive.
[2m2:34:15 pm[22m [31m[1m[vite][22m[39m [31mInternal server error: [postcss] C:/Users/heman/Agro-connect-prototype/frontend/src/index.css:7:1: The `border-ink-200` class does not exist. If `border-ink-200` is a custom class, make sure it is defined within a `@layer` directive.[39m
  Plugin: [35mvite:css[39m
  File: [36mC:/Users/heman/Agro-connect-prototype/frontend/src/index.css[39m:7:0
[33m  5  |  @import url('https://fonts.googleapis.com/css2?family=Fraunces:opsz,wght@9..144,400;9..144,500;9..144,600;9..144,700&family=Inter:wght@400;500;600;700&display=swap');
  6  |  
  7  |  @tailwind base;
     |  ^
  8  |  @tailwind components;
  9  |  @tailwind utilities;[39m
      at Input.error (C:\Users\heman\Agro-connect-prototype\frontend\node_modules\postcss\lib\input.js:135:16)
      at AtRule.error (C:\Users\heman\Agro-connect-prototype\frontend\node_modules\postcss\lib\node.js:166:32)
      at processApply (C:\Users\heman\Agro-connect-prototype\frontend\node_modules\tailwindcss\lib\lib\expandApplyAtRules.js:380:29)
      at C:\Users\heman\Agro-connect-prototype\frontend\node_modules\tailwindcss\lib\lib\expandApplyAtRules.js:551:9
      at C:\Users\heman\Agro-connect-prototype\frontend\node_modules\tailwindcss\lib\processTailwindFeatures.js:55:50
      at async plugins (C:\Users\heman\Agro-connect-prototype\frontend\node_modules\tailwindcss\lib\plugin.js:38:17)
      at async LazyResult.runAsync (C:\Users\heman\Agro-connect-prototype\frontend\node_modules\postcss\lib\lazy-result.js:299:11)
      at async compileCSS (file:///C:/Users/heman/Agro-connect-prototype/frontend/node_modules/vite/dist/node/chunks/dep-BK3b2jBa.js:36898:21)
      at async TransformPluginContext.transform (file:///C:/Users/heman/Agro-connect-prototype/frontend/node_modules/vite/dist/node/chunks/dep-BK3b2jBa.js:36171:11)
      at async PluginContainer.transform (file:///C:/Users/heman/Agro-connect-prototype/frontend/node_modules/vite/dist/node/chunks/dep-BK3b2jBa.js:49099:18)
      at async loadAndTransform (file:///C:/Users/heman/Agro-connect-prototype/frontend/node_modules/vite/dist/node/chunks/dep-BK3b2jBa.js:51978:27)
      at async viteTransformMiddleware (file:///C:/Users/heman/Agro-connect-prototype/frontend/node_modules/vite/dist/node/chunks/dep-BK3b2jBa.js:62106:24)
[2m2:34:21 pm[22m [36m[1m[vite][22m[39m [32mpage reload [39m[2msrc/redux/slices/fpoSlice.js[22m
[2m2:34:21 pm[22m [31m[1m[vite][22m[39m Pre-transform error: [postcss] C:/Users/heman/Agro-connect-prototype/frontend/src/index.css:7:1: The `border-ink-200` class does not exist. If `border-ink-200` is a custom class, make sure it is defined within a `@layer` directive.
[2m2:34:21 pm[22m [31m[1m[vite][22m[39m [31mInternal server error: [postcss] C:/Users/heman/Agro-connect-prototype/frontend/src/index.css:7:1: The `border-ink-200` class does not exist. If `border-ink-200` is a custom class, make sure it is defined within a `@layer` directive.[39m
  Plugin: [35mvite:css[39m
  File: [36mC:/Users/heman/Agro-connect-prototype/frontend/src/index.css[39m:7:0
[33m  5  |  @import url('https://fonts.googleapis.com/css2?family=Fraunces:opsz,wght@9..144,400;9..144,500;9..144,600;9..144,700&family=Inter:wght@400;500;600;700&display=swap');
  6  |  
  7  |  @tailwind base;
     |  ^
  8  |  @tailwind components;
  9  |  @tailwind utilities;[39m
      at Input.error (C:\Users\heman\Agro-connect-prototype\frontend\node_modules\postcss\lib\input.js:135:16)
      at AtRule.error (C:\Users\heman\Agro-connect-prototype\frontend\node_modules\postcss\lib\node.js:166:32)
      at processApply (C:\Users\heman\Agro-connect-prototype\frontend\node_modules\tailwindcss\lib\lib\expandApplyAtRules.js:380:29)
      at C:\Users\heman\Agro-connect-prototype\frontend\node_modules\tailwindcss\lib\lib\expandApplyAtRules.js:551:9
      at C:\Users\heman\Agro-connect-prototype\frontend\node_modules\tailwindcss\lib\processTailwindFeatures.js:55:50
      at async plugins (C:\Users\heman\Agro-connect-prototype\frontend\node_modules\tailwindcss\lib\plugin.js:38:17)
      at async LazyResult.runAsync (C:\Users\heman\Agro-connect-prototype\frontend\node_modules\postcss\lib\lazy-result.js:299:11)
      at async compileCSS (file:///C:/Users/heman/Agro-connect-prototype/frontend/node_modules/vite/dist/node/chunks/dep-BK3b2jBa.js:36898:21)
      at async TransformPluginContext.transform (file:///C:/Users/heman/Agro-connect-prototype/frontend/node_modules/vite/dist/node/chunks/dep-BK3b2jBa.js:36171:11)
      at async PluginContainer.transform (file:///C:/Users/heman/Agro-connect-prototype/frontend/node_modules/vite/dist/node/chunks/dep-BK3b2jBa.js:49099:18)
      at async loadAndTransform (file:///C:/Users/heman/Agro-connect-prototype/frontend/node_modules/vite/dist/node/chunks/dep-BK3b2jBa.js:51978:27)
      at async viteTransformMiddleware (file:///C:/Users/heman/Agro-connect-prototype/frontend/node_modules/vite/dist/node/chunks/dep-BK3b2jBa.js:62106:24)
[2m2:37:25 pm[22m [36m[1m[vite][22m[39m [32mhmr update [39m[2m/src/components/DecisionCard.jsx[22m
[2m2:37:26 pm[22m [31m[1m[vite][22m[39m [31mInternal server error: [postcss] C:/Users/heman/Agro-connect-prototype/frontend/src/index.css:7:1: The `border-ink-200` class does not exist. If `border-ink-200` is a custom class, make sure it is defined within a `@layer` directive.[39m
  Plugin: [35mvite:css[39m
  File: [36mC:/Users/heman/Agro-connect-prototype/frontend/src/index.css[39m:7:0
[33m  5  |  @import url('https://fonts.googleapis.com/css2?family=Fraunces:opsz,wght@9..144,400;9..144,500;9..144,600;9..144,700&family=Inter:wght@400;500;600;700&display=swap');
  6  |  
  7  |  @tailwind base;
     |  ^
  8  |  @tailwind components;
  9  |  @tailwind utilities;[39m
      at Input.error (C:\Users\heman\Agro-connect-prototype\frontend\node_modules\postcss\lib\input.js:135:16)
      at AtRule.error (C:\Users\heman\Agro-connect-prototype\frontend\node_modules\postcss\lib\node.js:166:32)
      at processApply (C:\Users\heman\Agro-connect-prototype\frontend\node_modules\tailwindcss\lib\lib\expandApplyAtRules.js:380:29)
      at C:\Users\heman\Agro-connect-prototype\frontend\node_modules\tailwindcss\lib\lib\expandApplyAtRules.js:551:9
      at C:\Users\heman\Agro-connect-prototype\frontend\node_modules\tailwindcss\lib\processTailwindFeatures.js:55:50
      at async plugins (C:\Users\heman\Agro-connect-prototype\frontend\node_modules\tailwindcss\lib\plugin.js:38:17)
      at async LazyResult.runAsync (C:\Users\heman\Agro-connect-prototype\frontend\node_modules\postcss\lib\lazy-result.js:299:11)
      at async compileCSS (file:///C:/Users/heman/Agro-connect-prototype/frontend/node_modules/vite/dist/node/chunks/dep-BK3b2jBa.js:36898:21)
      at async TransformPluginContext.transform (file:///C:/Users/heman/Agro-connect-prototype/frontend/node_modules/vite/dist/node/chunks/dep-BK3b2jBa.js:36171:11)
      at async PluginContainer.transform (file:///C:/Users/heman/Agro-connect-prototype/frontend/node_modules/vite/dist/node/chunks/dep-BK3b2jBa.js:49099:18)
      at async loadAndTransform (file:///C:/Users/heman/Agro-connect-prototype/frontend/node_modules/vite/dist/node/chunks/dep-BK3b2jBa.js:51978:27)
[2m2:37:26 pm[22m [31m[1m[vite][22m[39m Pre-transform error: [postcss] C:/Users/heman/Agro-connect-prototype/frontend/src/index.css:7:1: The `border-ink-200` class does not exist. If `border-ink-200` is a custom class, make sure it is defined within a `@layer` directive.
[2m2:37:38 pm[22m [36m[1m[vite][22m[39m [32mhmr update [39m[2m/src/pages/Deal.jsx, /src/index.css[22m
[2m2:37:38 pm[22m [31m[1m[vite][22m[39m Pre-transform error: [postcss] C:/Users/heman/Agro-connect-prototype/frontend/src/index.css:7:1: The `border-ink-200` class does not exist. If `border-ink-200` is a custom class, make sure it is defined within a `@layer` directive.
[2m2:37:38 pm[22m [31m[1m[vite][22m[39m [31mInternal server error: [postcss] C:/Users/heman/Agro-connect-prototype/frontend/src/index.css:7:1: The `border-ink-200` class does not exist. If `border-ink-200` is a custom class, make sure it is defined within a `@layer` directive.[39m
  Plugin: [35mvite:css[39m
  File: [36mC:/Users/heman/Agro-connect-prototype/frontend/src/index.css[39m:7:0
[33m  5  |  @import url('https://fonts.googleapis.com/css2?family=Fraunces:opsz,wght@9..144,400;9..144,500;9..144,600;9..144,700&family=Inter:wght@400;500;600;700&display=swap');
  6  |  
  7  |  @tailwind base;
     |  ^
  8  |  @tailwind components;
  9  |  @tailwind utilities;[39m
      at Input.error (C:\Users\heman\Agro-connect-prototype\frontend\node_modules\postcss\lib\input.js:135:16)
      at AtRule.error (C:\Users\heman\Agro-connect-prototype\frontend\node_modules\postcss\lib\node.js:166:32)
      at processApply (C:\Users\heman\Agro-connect-prototype\frontend\node_modules\tailwindcss\lib\lib\expandApplyAtRules.js:380:29)
      at C:\Users\heman\Agro-connect-prototype\frontend\node_modules\tailwindcss\lib\lib\expandApplyAtRules.js:551:9
      at C:\Users\heman\Agro-connect-prototype\frontend\node_modules\tailwindcss\lib\processTailwindFeatures.js:55:50
      at async plugins (C:\Users\heman\Agro-connect-prototype\frontend\node_modules\tailwindcss\lib\plugin.js:38:17)
      at async LazyResult.runAsync (C:\Users\heman\Agro-connect-prototype\frontend\node_modules\postcss\lib\lazy-result.js:299:11)
      at async compileCSS (file:///C:/Users/heman/Agro-connect-prototype/frontend/node_modules/vite/dist/node/chunks/dep-BK3b2jBa.js:36898:21)
      at async TransformPluginContext.transform (file:///C:/Users/heman/Agro-connect-prototype/frontend/node_modules/vite/dist/node/chunks/dep-BK3b2jBa.js:36171:11)
      at async PluginContainer.transform (file:///C:/Users/heman/Agro-connect-prototype/frontend/node_modules/vite/dist/node/chunks/dep-BK3b2jBa.js:49099:18)
      at async loadAndTransform (file:///C:/Users/heman/Agro-connect-prototype/frontend/node_modules/vite/dist/node/chunks/dep-BK3b2jBa.js:51978:27)
      at async viteTransformMiddleware (file:///C:/Users/heman/Agro-connect-prototype/frontend/node_modules/vite/dist/node/chunks/dep-BK3b2jBa.js:62106:24)
[2m2:38:08 pm[22m [36m[1m[vite][22m[39m [32mhmr update [39m[2m/src/pages/Deal.jsx, /src/index.css[22m
[2m2:38:09 pm[22m [31m[1m[vite][22m[39m [31mInternal server error: [postcss] C:/Users/heman/Agro-connect-prototype/frontend/src/index.css:7:1: The `border-ink-200` class does not exist. If `border-ink-200` is a custom class, make sure it is defined within a `@layer` directive.[39m
  Plugin: [35mvite:css[39m
  File: [36mC:/Users/heman/Agro-connect-prototype/frontend/src/index.css[39m:7:0
[33m  5  |  @import url('https://fonts.googleapis.com/css2?family=Fraunces:opsz,wght@9..144,400;9..144,500;9..144,600;9..144,700&family=Inter:wght@400;500;600;700&display=swap');
  6  |  
  7  |  @tailwind base;
     |  ^
  8  |  @tailwind components;
  9  |  @tailwind utilities;[39m
      at Input.error (C:\Users\heman\Agro-connect-prototype\frontend\node_modules\postcss\lib\input.js:135:16)
      at AtRule.error (C:\Users\heman\Agro-connect-prototype\frontend\node_modules\postcss\lib\node.js:166:32)
      at processApply (C:\Users\heman\Agro-connect-prototype\frontend\node_modules\tailwindcss\lib\lib\expandApplyAtRules.js:380:29)
      at C:\Users\heman\Agro-connect-prototype\frontend\node_modules\tailwindcss\lib\lib\expandApplyAtRules.js:551:9
      at C:\Users\heman\Agro-connect-prototype\frontend\node_modules\tailwindcss\lib\processTailwindFeatures.js:55:50
      at async plugins (C:\Users\heman\Agro-connect-prototype\frontend\node_modules\tailwindcss\lib\plugin.js:38:17)
      at async LazyResult.runAsync (C:\Users\heman\Agro-connect-prototype\frontend\node_modules\postcss\lib\lazy-result.js:299:11)
      at async compileCSS (file:///C:/Users/heman/Agro-connect-prototype/frontend/node_modules/vite/dist/node/chunks/dep-BK3b2jBa.js:36898:21)
      at async TransformPluginContext.transform (file:///C:/Users/heman/Agro-connect-prototype/frontend/node_modules/vite/dist/node/chunks/dep-BK3b2jBa.js:36171:11)
      at async PluginContainer.transform (file:///C:/Users/heman/Agro-connect-prototype/frontend/node_modules/vite/dist/node/chunks/dep-BK3b2jBa.js:49099:18)
      at async loadAndTransform (file:///C:/Users/heman/Agro-connect-prototype/frontend/node_modules/vite/dist/node/chunks/dep-BK3b2jBa.js:51978:27)
[2m2:38:09 pm[22m [31m[1m[vite][22m[39m Pre-transform error: [postcss] C:/Users/heman/Agro-connect-prototype/frontend/src/index.css:7:1: The `border-ink-200` class does not exist. If `border-ink-200` is a custom class, make sure it is defined within a `@layer` directive.
[2m2:38:16 pm[22m [36m[1m[vite][22m[39m [32mhmr update [39m[2m/src/pages/Deal.jsx, /src/index.css[22m
[2m2:38:16 pm[22m [31m[1m[vite][22m[39m [31mInternal server error: [postcss] C:/Users/heman/Agro-connect-prototype/frontend/src/index.css:7:1: The `border-ink-200` class does not exist. If `border-ink-200` is a custom class, make sure it is defined within a `@layer` directive.[39m
  Plugin: [35mvite:css[39m
  File: [36mC:/Users/heman/Agro-connect-prototype/frontend/src/index.css[39m:7:0
[33m  5  |  @import url('https://fonts.googleapis.com/css2?family=Fraunces:opsz,wght@9..144,400;9..144,500;9..144,600;9..144,700&family=Inter:wght@400;500;600;700&display=swap');
  6  |  
  7  |  @tailwind base;
     |  ^
  8  |  @tailwind components;
  9  |  @tailwind utilities;[39m
      at Input.error (C:\Users\heman\Agro-connect-prototype\frontend\node_modules\postcss\lib\input.js:135:16)
      at AtRule.error (C:\Users\heman\Agro-connect-prototype\frontend\node_modules\postcss\lib\node.js:166:32)
      at processApply (C:\Users\heman\Agro-connect-prototype\frontend\node_modules\tailwindcss\lib\lib\expandApplyAtRules.js:380:29)
      at C:\Users\heman\Agro-connect-prototype\frontend\node_modules\tailwindcss\lib\lib\expandApplyAtRules.js:551:9
      at C:\Users\heman\Agro-connect-prototype\frontend\node_modules\tailwindcss\lib\processTailwindFeatures.js:55:50
      at async plugins (C:\Users\heman\Agro-connect-prototype\frontend\node_modules\tailwindcss\lib\plugin.js:38:17)
      at async LazyResult.runAsync (C:\Users\heman\Agro-connect-prototype\frontend\node_modules\postcss\lib\lazy-result.js:299:11)
      at async compileCSS (file:///C:/Users/heman/Agro-connect-prototype/frontend/node_modules/vite/dist/node/chunks/dep-BK3b2jBa.js:36898:21)
      at async TransformPluginContext.transform (file:///C:/Users/heman/Agro-connect-prototype/frontend/node_modules/vite/dist/node/chunks/dep-BK3b2jBa.js:36171:11)
      at async PluginContainer.transform (file:///C:/Users/heman/Agro-connect-prototype/frontend/node_modules/vite/dist/node/chunks/dep-BK3b2jBa.js:49099:18)
      at async loadAndTransform (file:///C:/Users/heman/Agro-connect-prototype/frontend/node_modules/vite/dist/node/chunks/dep-BK3b2jBa.js:51978:27)
[2m2:38:16 pm[22m [31m[1m[vite][22m[39m Pre-transform error: [postcss] C:/Users/heman/Agro-connect-prototype/frontend/src/index.css:7:1: The `border-ink-200` class does not exist. If `border-ink-200` is a custom class, make sure it is defined within a `@layer` directive.
[2m2:38:28 pm[22m [36m[1m[vite][22m[39m [32mhmr update [39m[2m/src/components/PaymentLifecycle.jsx[22m
[2m2:38:28 pm[22m [31m[1m[vite][22m[39m Pre-transform error: [postcss] C:/Users/heman/Agro-connect-prototype/frontend/src/index.css:7:1: The `border-ink-200` class does not exist. If `border-ink-200` is a custom class, make sure it is defined within a `@layer` directive.
[2m2:38:28 pm[22m [31m[1m[vite][22m[39m [31mInternal server error: [postcss] C:/Users/heman/Agro-connect-prototype/frontend/src/index.css:7:1: The `border-ink-200` class does not exist. If `border-ink-200` is a custom class, make sure it is defined within a `@layer` directive.[39m
  Plugin: [35mvite:css[39m
  File: [36mC:/Users/heman/Agro-connect-prototype/frontend/src/index.css[39m:7:0
[33m  5  |  @import url('https://fonts.googleapis.com/css2?family=Fraunces:opsz,wght@9..144,400;9..144,500;9..144,600;9..144,700&family=Inter:wght@400;500;600;700&display=swap');
  6  |  
  7  |  @tailwind base;
     |  ^
  8  |  @tailwind components;
  9  |  @tailwind utilities;[39m
      at Input.error (C:\Users\heman\Agro-connect-prototype\frontend\node_modules\postcss\lib\input.js:135:16)
      at AtRule.error (C:\Users\heman\Agro-connect-prototype\frontend\node_modules\postcss\lib\node.js:166:32)
      at processApply (C:\Users\heman\Agro-connect-prototype\frontend\node_modules\tailwindcss\lib\lib\expandApplyAtRules.js:380:29)
      at C:\Users\heman\Agro-connect-prototype\frontend\node_modules\tailwindcss\lib\lib\expandApplyAtRules.js:551:9
      at C:\Users\heman\Agro-connect-prototype\frontend\node_modules\tailwindcss\lib\processTailwindFeatures.js:55:50
      at async plugins (C:\Users\heman\Agro-connect-prototype\frontend\node_modules\tailwindcss\lib\plugin.js:38:17)
      at async LazyResult.runAsync (C:\Users\heman\Agro-connect-prototype\frontend\node_modules\postcss\lib\lazy-result.js:299:11)
      at async compileCSS (file:///C:/Users/heman/Agro-connect-prototype/frontend/node_modules/vite/dist/node/chunks/dep-BK3b2jBa.js:36898:21)
      at async TransformPluginContext.transform (file:///C:/Users/heman/Agro-connect-prototype/frontend/node_modules/vite/dist/node/chunks/dep-BK3b2jBa.js:36171:11)
      at async PluginContainer.transform (file:///C:/Users/heman/Agro-connect-prototype/frontend/node_modules/vite/dist/node/chunks/dep-BK3b2jBa.js:49099:18)
      at async loadAndTransform (file:///C:/Users/heman/Agro-connect-prototype/frontend/node_modules/vite/dist/node/chunks/dep-BK3b2jBa.js:51978:27)
      at async viteTransformMiddleware (file:///C:/Users/heman/Agro-connect-prototype/frontend/node_modules/vite/dist/node/chunks/dep-BK3b2jBa.js:62106:24)
[2m2:38:42 pm[22m [36m[1m[vite][22m[39m [32mhmr update [39m[2m/src/components/PaymentLifecycle.jsx[22m
[2m2:38:42 pm[22m [31m[1m[vite][22m[39m Pre-transform error: [postcss] C:/Users/heman/Agro-connect-prototype/frontend/src/index.css:7:1: The `border-ink-200` class does not exist. If `border-ink-200` is a custom class, make sure it is defined within a `@layer` directive.
[2m2:38:42 pm[22m [31m[1m[vite][22m[39m [31mInternal server error: [postcss] C:/Users/heman/Agro-connect-prototype/frontend/src/index.css:7:1: The `border-ink-200` class does not exist. If `border-ink-200` is a custom class, make sure it is defined within a `@layer` directive.[39m
  Plugin: [35mvite:css[39m
  File: [36mC:/Users/heman/Agro-connect-prototype/frontend/src/index.css[39m:7:0
[33m  5  |  @import url('https://fonts.googleapis.com/css2?family=Fraunces:opsz,wght@9..144,400;9..144,500;9..144,600;9..144,700&family=Inter:wght@400;500;600;700&display=swap');
  6  |  
  7  |  @tailwind base;
     |  ^
  8  |  @tailwind components;
  9  |  @tailwind utilities;[39m
      at Input.error (C:\Users\heman\Agro-connect-prototype\frontend\node_modules\postcss\lib\input.js:135:16)
      at AtRule.error (C:\Users\heman\Agro-connect-prototype\frontend\node_modules\postcss\lib\node.js:166:32)
      at processApply (C:\Users\heman\Agro-connect-prototype\frontend\node_modules\tailwindcss\lib\lib\expandApplyAtRules.js:380:29)
      at C:\Users\heman\Agro-connect-prototype\frontend\node_modules\tailwindcss\lib\lib\expandApplyAtRules.js:551:9
      at C:\Users\heman\Agro-connect-prototype\frontend\node_modules\tailwindcss\lib\processTailwindFeatures.js:55:50
      at async plugins (C:\Users\heman\Agro-connect-prototype\frontend\node_modules\tailwindcss\lib\plugin.js:38:17)
      at async LazyResult.runAsync (C:\Users\heman\Agro-connect-prototype\frontend\node_modules\postcss\lib\lazy-result.js:299:11)
      at async compileCSS (file:///C:/Users/heman/Agro-connect-prototype/frontend/node_modules/vite/dist/node/chunks/dep-BK3b2jBa.js:36898:21)
      at async TransformPluginContext.transform (file:///C:/Users/heman/Agro-connect-prototype/frontend/node_modules/vite/dist/node/chunks/dep-BK3b2jBa.js:36171:11)
      at async PluginContainer.transform (file:///C:/Users/heman/Agro-connect-prototype/frontend/node_modules/vite/dist/node/chunks/dep-BK3b2jBa.js:49099:18)
      at async loadAndTransform (file:///C:/Users/heman/Agro-connect-prototype/frontend/node_modules/vite/dist/node/chunks/dep-BK3b2jBa.js:51978:27)
      at async viteTransformMiddleware (file:///C:/Users/heman/Agro-connect-prototype/frontend/node_modules/vite/dist/node/chunks/dep-BK3b2jBa.js:62106:24)
[2m2:38:54 pm[22m [36m[1m[vite][22m[39m [32mhmr update [39m[2m/src/components/PaymentLifecycle.jsx[22m
[2m2:38:54 pm[22m [31m[1m[vite][22m[39m Pre-transform error: [postcss] C:/Users/heman/Agro-connect-prototype/frontend/src/index.css:7:1: The `border-ink-200` class does not exist. If `border-ink-200` is a custom class, make sure it is defined within a `@layer` directive.
[2m2:38:54 pm[22m [31m[1m[vite][22m[39m [31mInternal server error: [postcss] C:/Users/heman/Agro-connect-prototype/frontend/src/index.css:7:1: The `border-ink-200` class does not exist. If `border-ink-200` is a custom class, make sure it is defined within a `@layer` directive.[39m
  Plugin: [35mvite:css[39m
  File: [36mC:/Users/heman/Agro-connect-prototype/frontend/src/index.css[39m:7:0
[33m  5  |  @import url('https://fonts.googleapis.com/css2?family=Fraunces:opsz,wght@9..144,400;9..144,500;9..144,600;9..144,700&family=Inter:wght@400;500;600;700&display=swap');
  6  |  
  7  |  @tailwind base;
     |  ^
  8  |  @tailwind components;
  9  |  @tailwind utilities;[39m
      at Input.error (C:\Users\heman\Agro-connect-prototype\frontend\node_modules\postcss\lib\input.js:135:16)
      at AtRule.error (C:\Users\heman\Agro-connect-prototype\frontend\node_modules\postcss\lib\node.js:166:32)
      at processApply (C:\Users\heman\Agro-connect-prototype\frontend\node_modules\tailwindcss\lib\lib\expandApplyAtRules.js:380:29)
      at C:\Users\heman\Agro-connect-prototype\frontend\node_modules\tailwindcss\lib\lib\expandApplyAtRules.js:551:9
      at C:\Users\heman\Agro-connect-prototype\frontend\node_modules\tailwindcss\lib\processTailwindFeatures.js:55:50
      at async plugins (C:\Users\heman\Agro-connect-prototype\frontend\node_modules\tailwindcss\lib\plugin.js:38:17)
      at async LazyResult.runAsync (C:\Users\heman\Agro-connect-prototype\frontend\node_modules\postcss\lib\lazy-result.js:299:11)
      at async compileCSS (file:///C:/Users/heman/Agro-connect-prototype/frontend/node_modules/vite/dist/node/chunks/dep-BK3b2jBa.js:36898:21)
      at async TransformPluginContext.transform (file:///C:/Users/heman/Agro-connect-prototype/frontend/node_modules/vite/dist/node/chunks/dep-BK3b2jBa.js:36171:11)
      at async PluginContainer.transform (file:///C:/Users/heman/Agro-connect-prototype/frontend/node_modules/vite/dist/node/chunks/dep-BK3b2jBa.js:49099:18)
      at async loadAndTransform (file:///C:/Users/heman/Agro-connect-prototype/frontend/node_modules/vite/dist/node/chunks/dep-BK3b2jBa.js:51978:27)
      at async viteTransformMiddleware (file:///C:/Users/heman/Agro-connect-prototype/frontend/node_modules/vite/dist/node/chunks/dep-BK3b2jBa.js:62106:24)
[2m2:39:02 pm[22m [36m[1m[vite][22m[39m [32mhmr update [39m[2m/src/components/PaymentLifecycle.jsx[22m
[2m2:39:02 pm[22m [31m[1m[vite][22m[39m Pre-transform error: [postcss] C:/Users/heman/Agro-connect-prototype/frontend/src/index.css:7:1: The `border-ink-200` class does not exist. If `border-ink-200` is a custom class, make sure it is defined within a `@layer` directive.
[2m2:39:02 pm[22m [31m[1m[vite][22m[39m [31mInternal server error: [postcss] C:/Users/heman/Agro-connect-prototype/frontend/src/index.css:7:1: The `border-ink-200` class does not exist. If `border-ink-200` is a custom class, make sure it is defined within a `@layer` directive.[39m
  Plugin: [35mvite:css[39m
  File: [36mC:/Users/heman/Agro-connect-prototype/frontend/src/index.css[39m:7:0
[33m  5  |  @import url('https://fonts.googleapis.com/css2?family=Fraunces:opsz,wght@9..144,400;9..144,500;9..144,600;9..144,700&family=Inter:wght@400;500;600;700&display=swap');
  6  |  
  7  |  @tailwind base;
     |  ^
  8  |  @tailwind components;
  9  |  @tailwind utilities;[39m
      at Input.error (C:\Users\heman\Agro-connect-prototype\frontend\node_modules\postcss\lib\input.js:135:16)
      at AtRule.error (C:\Users\heman\Agro-connect-prototype\frontend\node_modules\postcss\lib\node.js:166:32)
      at processApply (C:\Users\heman\Agro-connect-prototype\frontend\node_modules\tailwindcss\lib\lib\expandApplyAtRules.js:380:29)
      at C:\Users\heman\Agro-connect-prototype\frontend\node_modules\tailwindcss\lib\lib\expandApplyAtRules.js:551:9
      at C:\Users\heman\Agro-connect-prototype\frontend\node_modules\tailwindcss\lib\processTailwindFeatures.js:55:50
      at async plugins (C:\Users\heman\Agro-connect-prototype\frontend\node_modules\tailwindcss\lib\plugin.js:38:17)
      at async LazyResult.runAsync (C:\Users\heman\Agro-connect-prototype\frontend\node_modules\postcss\lib\lazy-result.js:299:11)
      at async compileCSS (file:///C:/Users/heman/Agro-connect-prototype/frontend/node_modules/vite/dist/node/chunks/dep-BK3b2jBa.js:36898:21)
      at async TransformPluginContext.transform (file:///C:/Users/heman/Agro-connect-prototype/frontend/node_modules/vite/dist/node/chunks/dep-BK3b2jBa.js:36171:11)
      at async PluginContainer.transform (file:///C:/Users/heman/Agro-connect-prototype/frontend/node_modules/vite/dist/node/chunks/dep-BK3b2jBa.js:49099:18)
      at async loadAndTransform (file:///C:/Users/heman/Agro-connect-prototype/frontend/node_modules/vite/dist/node/chunks/dep-BK3b2jBa.js:51978:27)
      at async viteTransformMiddleware (file:///C:/Users/heman/Agro-connect-prototype/frontend/node_modules/vite/dist/node/chunks/dep-BK3b2jBa.js:62106:24)
[2m2:39:13 pm[22m [36m[1m[vite][22m[39m [32mhmr update [39m[2m/src/components/PaymentLifecycle.jsx[22m
[2m2:39:14 pm[22m [31m[1m[vite][22m[39m [31mInternal server error: [postcss] C:/Users/heman/Agro-connect-prototype/frontend/src/index.css:7:1: The `border-ink-200` class does not exist. If `border-ink-200` is a custom class, make sure it is defined within a `@layer` directive.[39m
  Plugin: [35mvite:css[39m
  File: [36mC:/Users/heman/Agro-connect-prototype/frontend/src/index.css[39m:7:0
[33m  5  |  @import url('https://fonts.googleapis.com/css2?family=Fraunces:opsz,wght@9..144,400;9..144,500;9..144,600;9..144,700&family=Inter:wght@400;500;600;700&display=swap');
  6  |  
  7  |  @tailwind base;
     |  ^
  8  |  @tailwind components;
  9  |  @tailwind utilities;[39m
      at Input.error (C:\Users\heman\Agro-connect-prototype\frontend\node_modules\postcss\lib\input.js:135:16)
      at AtRule.error (C:\Users\heman\Agro-connect-prototype\frontend\node_modules\postcss\lib\node.js:166:32)
      at processApply (C:\Users\heman\Agro-connect-prototype\frontend\node_modules\tailwindcss\lib\lib\expandApplyAtRules.js:380:29)
      at C:\Users\heman\Agro-connect-prototype\frontend\node_modules\tailwindcss\lib\lib\expandApplyAtRules.js:551:9
      at C:\Users\heman\Agro-connect-prototype\frontend\node_modules\tailwindcss\lib\processTailwindFeatures.js:55:50
      at async plugins (C:\Users\heman\Agro-connect-prototype\frontend\node_modules\tailwindcss\lib\plugin.js:38:17)
      at async LazyResult.runAsync (C:\Users\heman\Agro-connect-prototype\frontend\node_modules\postcss\lib\lazy-result.js:299:11)
      at async compileCSS (file:///C:/Users/heman/Agro-connect-prototype/frontend/node_modules/vite/dist/node/chunks/dep-BK3b2jBa.js:36898:21)
      at async TransformPluginContext.transform (file:///C:/Users/heman/Agro-connect-prototype/frontend/node_modules/vite/dist/node/chunks/dep-BK3b2jBa.js:36171:11)
      at async PluginContainer.transform (file:///C:/Users/heman/Agro-connect-prototype/frontend/node_modules/vite/dist/node/chunks/dep-BK3b2jBa.js:49099:18)
      at async loadAndTransform (file:///C:/Users/heman/Agro-connect-prototype/frontend/node_modules/vite/dist/node/chunks/dep-BK3b2jBa.js:51978:27)
[2m2:39:14 pm[22m [31m[1m[vite][22m[39m Pre-transform error: [postcss] C:/Users/heman/Agro-connect-prototype/frontend/src/index.css:7:1: The `border-ink-200` class does not exist. If `border-ink-200` is a custom class, make sure it is defined within a `@layer` directive.
[2m2:39:22 pm[22m [36m[1m[vite][22m[39m [32mhmr update [39m[2m/src/components/FarmerCard.jsx[22m
[2m2:39:22 pm[22m [31m[1m[vite][22m[39m Pre-transform error: [postcss] C:/Users/heman/Agro-connect-prototype/frontend/src/index.css:7:1: The `border-ink-200` class does not exist. If `border-ink-200` is a custom class, make sure it is defined within a `@layer` directive.
[2m2:39:22 pm[22m [31m[1m[vite][22m[39m [31mInternal server error: [postcss] C:/Users/heman/Agro-connect-prototype/frontend/src/index.css:7:1: The `border-ink-200` class does not exist. If `border-ink-200` is a custom class, make sure it is defined within a `@layer` directive.[39m
  Plugin: [35mvite:css[39m
  File: [36mC:/Users/heman/Agro-connect-prototype/frontend/src/index.css[39m:7:0
[33m  5  |  @import url('https://fonts.googleapis.com/css2?family=Fraunces:opsz,wght@9..144,400;9..144,500;9..144,600;9..144,700&family=Inter:wght@400;500;600;700&display=swap');
  6  |  
  7  |  @tailwind base;
     |  ^
  8  |  @tailwind components;
  9  |  @tailwind utilities;[39m
      at Input.error (C:\Users\heman\Agro-connect-prototype\frontend\node_modules\postcss\lib\input.js:135:16)
      at AtRule.error (C:\Users\heman\Agro-connect-prototype\frontend\node_modules\postcss\lib\node.js:166:32)
      at processApply (C:\Users\heman\Agro-connect-prototype\frontend\node_modules\tailwindcss\lib\lib\expandApplyAtRules.js:380:29)
      at C:\Users\heman\Agro-connect-prototype\frontend\node_modules\tailwindcss\lib\lib\expandApplyAtRules.js:551:9
      at C:\Users\heman\Agro-connect-prototype\frontend\node_modules\tailwindcss\lib\processTailwindFeatures.js:55:50
      at async plugins (C:\Users\heman\Agro-connect-prototype\frontend\node_modules\tailwindcss\lib\plugin.js:38:17)
      at async LazyResult.runAsync (C:\Users\heman\Agro-connect-prototype\frontend\node_modules\postcss\lib\lazy-result.js:299:11)
      at async compileCSS (file:///C:/Users/heman/Agro-connect-prototype/frontend/node_modules/vite/dist/node/chunks/dep-BK3b2jBa.js:36898:21)
      at async TransformPluginContext.transform (file:///C:/Users/heman/Agro-connect-prototype/frontend/node_modules/vite/dist/node/chunks/dep-BK3b2jBa.js:36171:11)
      at async PluginContainer.transform (file:///C:/Users/heman/Agro-connect-prototype/frontend/node_modules/vite/dist/node/chunks/dep-BK3b2jBa.js:49099:18)
      at async loadAndTransform (file:///C:/Users/heman/Agro-connect-prototype/frontend/node_modules/vite/dist/node/chunks/dep-BK3b2jBa.js:51978:27)
      at async viteTransformMiddleware (file:///C:/Users/heman/Agro-connect-prototype/frontend/node_modules/vite/dist/node/chunks/dep-BK3b2jBa.js:62106:24)
[2m2:39:34 pm[22m [36m[1m[vite][22m[39m [32mhmr update [39m[2m/src/components/FarmerCard.jsx[22m
[2m2:39:34 pm[22m [31m[1m[vite][22m[39m Pre-transform error: [postcss] C:/Users/heman/Agro-connect-prototype/frontend/src/index.css:7:1: The `border-ink-200` class does not exist. If `border-ink-200` is a custom class, make sure it is defined within a `@layer` directive.
[2m2:39:34 pm[22m [31m[1m[vite][22m[39m [31mInternal server error: [postcss] C:/Users/heman/Agro-connect-prototype/frontend/src/index.css:7:1: The `border-ink-200` class does not exist. If `border-ink-200` is a custom class, make sure it is defined within a `@layer` directive.[39m
  Plugin: [35mvite:css[39m
  File: [36mC:/Users/heman/Agro-connect-prototype/frontend/src/index.css[39m:7:0
[33m  5  |  @import url('https://fonts.googleapis.com/css2?family=Fraunces:opsz,wght@9..144,400;9..144,500;9..144,600;9..144,700&family=Inter:wght@400;500;600;700&display=swap');
  6  |  
  7  |  @tailwind base;
     |  ^
  8  |  @tailwind components;
  9  |  @tailwind utilities;[39m
      at Input.error (C:\Users\heman\Agro-connect-prototype\frontend\node_modules\postcss\lib\input.js:135:16)
      at AtRule.error (C:\Users\heman\Agro-connect-prototype\frontend\node_modules\postcss\lib\node.js:166:32)
      at processApply (C:\Users\heman\Agro-connect-prototype\frontend\node_modules\tailwindcss\lib\lib\expandApplyAtRules.js:380:29)
      at C:\Users\heman\Agro-connect-prototype\frontend\node_modules\tailwindcss\lib\lib\expandApplyAtRules.js:551:9
      at C:\Users\heman\Agro-connect-prototype\frontend\node_modules\tailwindcss\lib\processTailwindFeatures.js:55:50
      at async plugins (C:\Users\heman\Agro-connect-prototype\frontend\node_modules\tailwindcss\lib\plugin.js:38:17)
      at async LazyResult.runAsync (C:\Users\heman\Agro-connect-prototype\frontend\node_modules\postcss\lib\lazy-result.js:299:11)
      at async compileCSS (file:///C:/Users/heman/Agro-connect-prototype/frontend/node_modules/vite/dist/node/chunks/dep-BK3b2jBa.js:36898:21)
      at async TransformPluginContext.transform (file:///C:/Users/heman/Agro-connect-prototype/frontend/node_modules/vite/dist/node/chunks/dep-BK3b2jBa.js:36171:11)
      at async PluginContainer.transform (file:///C:/Users/heman/Agro-connect-prototype/frontend/node_modules/vite/dist/node/chunks/dep-BK3b2jBa.js:49099:18)
      at async loadAndTransform (file:///C:/Users/heman/Agro-connect-prototype/frontend/node_modules/vite/dist/node/chunks/dep-BK3b2jBa.js:51978:27)
      at async viteTransformMiddleware (file:///C:/Users/heman/Agro-connect-prototype/frontend/node_modules/vite/dist/node/chunks/dep-BK3b2jBa.js:62106:24)
[2m2:39:54 pm[22m [36m[1m[vite][22m[39m [32mhmr update [39m[2m/src/pages/FPOs.jsx, /src/index.css[22m
[2m2:39:54 pm[22m [31m[1m[vite][22m[39m Pre-transform error: [postcss] C:/Users/heman/Agro-connect-prototype/frontend/src/index.css:7:1: The `border-ink-200` class does not exist. If `border-ink-200` is a custom class, make sure it is defined within a `@layer` directive.
[2m2:39:54 pm[22m [31m[1m[vite][22m[39m [31mInternal server error: [postcss] C:/Users/heman/Agro-connect-prototype/frontend/src/index.css:7:1: The `border-ink-200` class does not exist. If `border-ink-200` is a custom class, make sure it is defined within a `@layer` directive.[39m
  Plugin: [35mvite:css[39m
  File: [36mC:/Users/heman/Agro-connect-prototype/frontend/src/index.css[39m:7:0
[33m  5  |  @import url('https://fonts.googleapis.com/css2?family=Fraunces:opsz,wght@9..144,400;9..144,500;9..144,600;9..144,700&family=Inter:wght@400;500;600;700&display=swap');
  6  |  
  7  |  @tailwind base;
     |  ^
  8  |  @tailwind components;
  9  |  @tailwind utilities;[39m
      at Input.error (C:\Users\heman\Agro-connect-prototype\frontend\node_modules\postcss\lib\input.js:135:16)
      at AtRule.error (C:\Users\heman\Agro-connect-prototype\frontend\node_modules\postcss\lib\node.js:166:32)
      at processApply (C:\Users\heman\Agro-connect-prototype\frontend\node_modules\tailwindcss\lib\lib\expandApplyAtRules.js:380:29)
      at C:\Users\heman\Agro-connect-prototype\frontend\node_modules\tailwindcss\lib\lib\expandApplyAtRules.js:551:9
      at C:\Users\heman\Agro-connect-prototype\frontend\node_modules\tailwindcss\lib\processTailwindFeatures.js:55:50
      at async plugins (C:\Users\heman\Agro-connect-prototype\frontend\node_modules\tailwindcss\lib\plugin.js:38:17)
      at async LazyResult.runAsync (C:\Users\heman\Agro-connect-prototype\frontend\node_modules\postcss\lib\lazy-result.js:299:11)
      at async compileCSS (file:///C:/Users/heman/Agro-connect-prototype/frontend/node_modules/vite/dist/node/chunks/dep-BK3b2jBa.js:36898:21)
      at async TransformPluginContext.transform (file:///C:/Users/heman/Agro-connect-prototype/frontend/node_modules/vite/dist/node/chunks/dep-BK3b2jBa.js:36171:11)
      at async PluginContainer.transform (file:///C:/Users/heman/Agro-connect-prototype/frontend/node_modules/vite/dist/node/chunks/dep-BK3b2jBa.js:49099:18)
      at async loadAndTransform (file:///C:/Users/heman/Agro-connect-prototype/frontend/node_modules/vite/dist/node/chunks/dep-BK3b2jBa.js:51978:27)
      at async viteTransformMiddleware (file:///C:/Users/heman/Agro-connect-prototype/frontend/node_modules/vite/dist/node/chunks/dep-BK3b2jBa.js:62106:24)
[2m2:40:12 pm[22m [36m[1m[vite][22m[39m [32mhmr update [39m[2m/src/pages/FPOs.jsx, /src/index.css[22m
[2m2:40:13 pm[22m [31m[1m[vite][22m[39m [31mInternal server error: [postcss] C:/Users/heman/Agro-connect-prototype/frontend/src/index.css:7:1: The `border-ink-200` class does not exist. If `border-ink-200` is a custom class, make sure it is defined within a `@layer` directive.[39m
  Plugin: [35mvite:css[39m
  File: [36mC:/Users/heman/Agro-connect-prototype/frontend/src/index.css[39m:7:0
[33m  5  |  @import url('https://fonts.googleapis.com/css2?family=Fraunces:opsz,wght@9..144,400;9..144,500;9..144,600;9..144,700&family=Inter:wght@400;500;600;700&display=swap');
  6  |  
  7  |  @tailwind base;
     |  ^
  8  |  @tailwind components;
  9  |  @tailwind utilities;[39m
      at Input.error (C:\Users\heman\Agro-connect-prototype\frontend\node_modules\postcss\lib\input.js:135:16)
      at AtRule.error (C:\Users\heman\Agro-connect-prototype\frontend\node_modules\postcss\lib\node.js:166:32)
      at processApply (C:\Users\heman\Agro-connect-prototype\frontend\node_modules\tailwindcss\lib\lib\expandApplyAtRules.js:380:29)
      at C:\Users\heman\Agro-connect-prototype\frontend\node_modules\tailwindcss\lib\lib\expandApplyAtRules.js:551:9
      at C:\Users\heman\Agro-connect-prototype\frontend\node_modules\tailwindcss\lib\processTailwindFeatures.js:55:50
      at async plugins (C:\Users\heman\Agro-connect-prototype\frontend\node_modules\tailwindcss\lib\plugin.js:38:17)
      at async LazyResult.runAsync (C:\Users\heman\Agro-connect-prototype\frontend\node_modules\postcss\lib\lazy-result.js:299:11)
      at async compileCSS (file:///C:/Users/heman/Agro-connect-prototype/frontend/node_modules/vite/dist/node/chunks/dep-BK3b2jBa.js:36898:21)
      at async TransformPluginContext.transform (file:///C:/Users/heman/Agro-connect-prototype/frontend/node_modules/vite/dist/node/chunks/dep-BK3b2jBa.js:36171:11)
      at async PluginContainer.transform (file:///C:/Users/heman/Agro-connect-prototype/frontend/node_modules/vite/dist/node/chunks/dep-BK3b2jBa.js:49099:18)
      at async loadAndTransform (file:///C:/Users/heman/Agro-connect-prototype/frontend/node_modules/vite/dist/node/chunks/dep-BK3b2jBa.js:51978:27)
[2m2:40:13 pm[22m [31m[1m[vite][22m[39m Pre-transform error: [postcss] C:/Users/heman/Agro-connect-prototype/frontend/src/index.css:7:1: The `border-ink-200` class does not exist. If `border-ink-200` is a custom class, make sure it is defined within a `@layer` directive.
[2m2:40:18 pm[22m [36m[1m[vite][22m[39m [32mhmr update [39m[2m/src/pages/FPOs.jsx, /src/index.css[22m
[2m2:40:18 pm[22m [31m[1m[vite][22m[39m Pre-transform error: [postcss] C:/Users/heman/Agro-connect-prototype/frontend/src/index.css:7:1: The `border-ink-200` class does not exist. If `border-ink-200` is a custom class, make sure it is defined within a `@layer` directive.
[2m2:40:18 pm[22m [31m[1m[vite][22m[39m [31mInternal server error: [postcss] C:/Users/heman/Agro-connect-prototype/frontend/src/index.css:7:1: The `border-ink-200` class does not exist. If `border-ink-200` is a custom class, make sure it is defined within a `@layer` directive.[39m
  Plugin: [35mvite:css[39m
  File: [36mC:/Users/heman/Agro-connect-prototype/frontend/src/index.css[39m:7:0
[33m  5  |  @import url('https://fonts.googleapis.com/css2?family=Fraunces:opsz,wght@9..144,400;9..144,500;9..144,600;9..144,700&family=Inter:wght@400;500;600;700&display=swap');
  6  |  
  7  |  @tailwind base;
     |  ^
  8  |  @tailwind components;
  9  |  @tailwind utilities;[39m
      at Input.error (C:\Users\heman\Agro-connect-prototype\frontend\node_modules\postcss\lib\input.js:135:16)
      at AtRule.error (C:\Users\heman\Agro-connect-prototype\frontend\node_modules\postcss\lib\node.js:166:32)
      at processApply (C:\Users\heman\Agro-connect-prototype\frontend\node_modules\tailwindcss\lib\lib\expandApplyAtRules.js:380:29)
      at C:\Users\heman\Agro-connect-prototype\frontend\node_modules\tailwindcss\lib\lib\expandApplyAtRules.js:551:9
      at C:\Users\heman\Agro-connect-prototype\frontend\node_modules\tailwindcss\lib\processTailwindFeatures.js:55:50
      at async plugins (C:\Users\heman\Agro-connect-prototype\frontend\node_modules\tailwindcss\lib\plugin.js:38:17)
      at async LazyResult.runAsync (C:\Users\heman\Agro-connect-prototype\frontend\node_modules\postcss\lib\lazy-result.js:299:11)
      at async compileCSS (file:///C:/Users/heman/Agro-connect-prototype/frontend/node_modules/vite/dist/node/chunks/dep-BK3b2jBa.js:36898:21)
      at async TransformPluginContext.transform (file:///C:/Users/heman/Agro-connect-prototype/frontend/node_modules/vite/dist/node/chunks/dep-BK3b2jBa.js:36171:11)
      at async PluginContainer.transform (file:///C:/Users/heman/Agro-connect-prototype/frontend/node_modules/vite/dist/node/chunks/dep-BK3b2jBa.js:49099:18)
      at async loadAndTransform (file:///C:/Users/heman/Agro-connect-prototype/frontend/node_modules/vite/dist/node/chunks/dep-BK3b2jBa.js:51978:27)
      at async viteTransformMiddleware (file:///C:/Users/heman/Agro-connect-prototype/frontend/node_modules/vite/dist/node/chunks/dep-BK3b2jBa.js:62106:24)
[2m2:40:25 pm[22m [36m[1m[vite][22m[39m [32mpage reload [39m[2msrc/redux/slices/fpoSlice.js[22m
[2m2:40:25 pm[22m [31m[1m[vite][22m[39m Pre-transform error: [postcss] C:/Users/heman/Agro-connect-prototype/frontend/src/index.css:7:1: The `border-ink-200` class does not exist. If `border-ink-200` is a custom class, make sure it is defined within a `@layer` directive.
[2m2:40:26 pm[22m [31m[1m[vite][22m[39m [31mInternal server error: [postcss] C:/Users/heman/Agro-connect-prototype/frontend/src/index.css:7:1: The `border-ink-200` class does not exist. If `border-ink-200` is a custom class, make sure it is defined within a `@layer` directive.[39m
  Plugin: [35mvite:css[39m
  File: [36mC:/Users/heman/Agro-connect-prototype/frontend/src/index.css[39m:7:0
[33m  5  |  @import url('https://fonts.googleapis.com/css2?family=Fraunces:opsz,wght@9..144,400;9..144,500;9..144,600;9..144,700&family=Inter:wght@400;500;600;700&display=swap');
  6  |  
  7  |  @tailwind base;
     |  ^
  8  |  @tailwind components;
  9  |  @tailwind utilities;[39m
      at Input.error (C:\Users\heman\Agro-connect-prototype\frontend\node_modules\postcss\lib\input.js:135:16)
      at AtRule.error (C:\Users\heman\Agro-connect-prototype\frontend\node_modules\postcss\lib\node.js:166:32)
      at processApply (C:\Users\heman\Agro-connect-prototype\frontend\node_modules\tailwindcss\lib\lib\expandApplyAtRules.js:380:29)
      at C:\Users\heman\Agro-connect-prototype\frontend\node_modules\tailwindcss\lib\lib\expandApplyAtRules.js:551:9
      at C:\Users\heman\Agro-connect-prototype\frontend\node_modules\tailwindcss\lib\processTailwindFeatures.js:55:50
      at async plugins (C:\Users\heman\Agro-connect-prototype\frontend\node_modules\tailwindcss\lib\plugin.js:38:17)
      at async LazyResult.runAsync (C:\Users\heman\Agro-connect-prototype\frontend\node_modules\postcss\lib\lazy-result.js:299:11)
      at async compileCSS (file:///C:/Users/heman/Agro-connect-prototype/frontend/node_modules/vite/dist/node/chunks/dep-BK3b2jBa.js:36898:21)
      at async TransformPluginContext.transform (file:///C:/Users/heman/Agro-connect-prototype/frontend/node_modules/vite/dist/node/chunks/dep-BK3b2jBa.js:36171:11)
      at async PluginContainer.transform (file:///C:/Users/heman/Agro-connect-prototype/frontend/node_modules/vite/dist/node/chunks/dep-BK3b2jBa.js:49099:18)
      at async loadAndTransform (file:///C:/Users/heman/Agro-connect-prototype/frontend/node_modules/vite/dist/node/chunks/dep-BK3b2jBa.js:51978:27)
      at async viteTransformMiddleware (file:///C:/Users/heman/Agro-connect-prototype/frontend/node_modules/vite/dist/node/chunks/dep-BK3b2jBa.js:62106:24)
[2m2:43:09 pm[22m [36m[1m[vite][22m[39m [32mhmr update [39m[2m/src/pages/Quality.jsx, /src/index.css[22m
[2m2:43:09 pm[22m [31m[1m[vite][22m[39m Pre-transform error: [postcss] C:/Users/heman/Agro-connect-prototype/frontend/src/index.css:7:1: The `border-ink-200` class does not exist. If `border-ink-200` is a custom class, make sure it is defined within a `@layer` directive.
[2m2:43:09 pm[22m [31m[1m[vite][22m[39m [31mInternal server error: [postcss] C:/Users/heman/Agro-connect-prototype/frontend/src/index.css:7:1: The `border-ink-200` class does not exist. If `border-ink-200` is a custom class, make sure it is defined within a `@layer` directive.[39m
  Plugin: [35mvite:css[39m
  File: [36mC:/Users/heman/Agro-connect-prototype/frontend/src/index.css[39m:7:0
[33m  5  |  @import url('https://fonts.googleapis.com/css2?family=Fraunces:opsz,wght@9..144,400;9..144,500;9..144,600;9..144,700&family=Inter:wght@400;500;600;700&display=swap');
  6  |  
  7  |  @tailwind base;
     |  ^
  8  |  @tailwind components;
  9  |  @tailwind utilities;[39m
      at Input.error (C:\Users\heman\Agro-connect-prototype\frontend\node_modules\postcss\lib\input.js:135:16)
      at AtRule.error (C:\Users\heman\Agro-connect-prototype\frontend\node_modules\postcss\lib\node.js:166:32)
      at processApply (C:\Users\heman\Agro-connect-prototype\frontend\node_modules\tailwindcss\lib\lib\expandApplyAtRules.js:380:29)
      at C:\Users\heman\Agro-connect-prototype\frontend\node_modules\tailwindcss\lib\lib\expandApplyAtRules.js:551:9
      at C:\Users\heman\Agro-connect-prototype\frontend\node_modules\tailwindcss\lib\processTailwindFeatures.js:55:50
      at async plugins (C:\Users\heman\Agro-connect-prototype\frontend\node_modules\tailwindcss\lib\plugin.js:38:17)
      at async LazyResult.runAsync (C:\Users\heman\Agro-connect-prototype\frontend\node_modules\postcss\lib\lazy-result.js:299:11)
      at async compileCSS (file:///C:/Users/heman/Agro-connect-prototype/frontend/node_modules/vite/dist/node/chunks/dep-BK3b2jBa.js:36898:21)
      at async TransformPluginContext.transform (file:///C:/Users/heman/Agro-connect-prototype/frontend/node_modules/vite/dist/node/chunks/dep-BK3b2jBa.js:36171:11)
      at async PluginContainer.transform (file:///C:/Users/heman/Agro-connect-prototype/frontend/node_modules/vite/dist/node/chunks/dep-BK3b2jBa.js:49099:18)
      at async loadAndTransform (file:///C:/Users/heman/Agro-connect-prototype/frontend/node_modules/vite/dist/node/chunks/dep-BK3b2jBa.js:51978:27)
      at async viteTransformMiddleware (file:///C:/Users/heman/Agro-connect-prototype/frontend/node_modules/vite/dist/node/chunks/dep-BK3b2jBa.js:62106:24)
[2m2:43:16 pm[22m [36m[1m[vite][22m[39m [32mhmr update [39m[2m/src/pages/Quality.jsx, /src/index.css[22m
[2m2:43:16 pm[22m [31m[1m[vite][22m[39m [31mInternal server error: [postcss] C:/Users/heman/Agro-connect-prototype/frontend/src/index.css:7:1: The `border-ink-200` class does not exist. If `border-ink-200` is a custom class, make sure it is defined within a `@layer` directive.[39m
  Plugin: [35mvite:css[39m
  File: [36mC:/Users/heman/Agro-connect-prototype/frontend/src/index.css[39m:7:0
[33m  5  |  @import url('https://fonts.googleapis.com/css2?family=Fraunces:opsz,wght@9..144,400;9..144,500;9..144,600;9..144,700&family=Inter:wght@400;500;600;700&display=swap');
  6  |  
  7  |  @tailwind base;
     |  ^
  8  |  @tailwind components;
  9  |  @tailwind utilities;[39m
      at Input.error (C:\Users\heman\Agro-connect-prototype\frontend\node_modules\postcss\lib\input.js:135:16)
      at AtRule.error (C:\Users\heman\Agro-connect-prototype\frontend\node_modules\postcss\lib\node.js:166:32)
      at processApply (C:\Users\heman\Agro-connect-prototype\frontend\node_modules\tailwindcss\lib\lib\expandApplyAtRules.js:380:29)
      at C:\Users\heman\Agro-connect-prototype\frontend\node_modules\tailwindcss\lib\lib\expandApplyAtRules.js:551:9
      at C:\Users\heman\Agro-connect-prototype\frontend\node_modules\tailwindcss\lib\processTailwindFeatures.js:55:50
      at async plugins (C:\Users\heman\Agro-connect-prototype\frontend\node_modules\tailwindcss\lib\plugin.js:38:17)
      at async LazyResult.runAsync (C:\Users\heman\Agro-connect-prototype\frontend\node_modules\postcss\lib\lazy-result.js:299:11)
      at async compileCSS (file:///C:/Users/heman/Agro-connect-prototype/frontend/node_modules/vite/dist/node/chunks/dep-BK3b2jBa.js:36898:21)
      at async TransformPluginContext.transform (file:///C:/Users/heman/Agro-connect-prototype/frontend/node_modules/vite/dist/node/chunks/dep-BK3b2jBa.js:36171:11)
      at async PluginContainer.transform (file:///C:/Users/heman/Agro-connect-prototype/frontend/node_modules/vite/dist/node/chunks/dep-BK3b2jBa.js:49099:18)
      at async loadAndTransform (file:///C:/Users/heman/Agro-connect-prototype/frontend/node_modules/vite/dist/node/chunks/dep-BK3b2jBa.js:51978:27)
[2m2:43:16 pm[22m [31m[1m[vite][22m[39m Pre-transform error: [postcss] C:/Users/heman/Agro-connect-prototype/frontend/src/index.css:7:1: The `border-ink-200` class does not exist. If `border-ink-200` is a custom class, make sure it is defined within a `@layer` directive.
[2m2:43:25 pm[22m [36m[1m[vite][22m[39m [32mhmr update [39m[2m/src/pages/Quality.jsx, /src/index.css[22m
[2m2:43:25 pm[22m [31m[1m[vite][22m[39m [31mInternal server error: [postcss] C:/Users/heman/Agro-connect-prototype/frontend/src/index.css:7:1: The `border-ink-200` class does not exist. If `border-ink-200` is a custom class, make sure it is defined within a `@layer` directive.[39m
  Plugin: [35mvite:css[39m
  File: [36mC:/Users/heman/Agro-connect-prototype/frontend/src/index.css[39m:7:0
[33m  5  |  @import url('https://fonts.googleapis.com/css2?family=Fraunces:opsz,wght@9..144,400;9..144,500;9..144,600;9..144,700&family=Inter:wght@400;500;600;700&display=swap');
  6  |  
  7  |  @tailwind base;
     |  ^
  8  |  @tailwind components;
  9  |  @tailwind utilities;[39m
      at Input.error (C:\Users\heman\Agro-connect-prototype\frontend\node_modules\postcss\lib\input.js:135:16)
      at AtRule.error (C:\Users\heman\Agro-connect-prototype\frontend\node_modules\postcss\lib\node.js:166:32)
      at processApply (C:\Users\heman\Agro-connect-prototype\frontend\node_modules\tailwindcss\lib\lib\expandApplyAtRules.js:380:29)
      at C:\Users\heman\Agro-connect-prototype\frontend\node_modules\tailwindcss\lib\lib\expandApplyAtRules.js:551:9
      at C:\Users\heman\Agro-connect-prototype\frontend\node_modules\tailwindcss\lib\processTailwindFeatures.js:55:50
      at async plugins (C:\Users\heman\Agro-connect-prototype\frontend\node_modules\tailwindcss\lib\plugin.js:38:17)
      at async LazyResult.runAsync (C:\Users\heman\Agro-connect-prototype\frontend\node_modules\postcss\lib\lazy-result.js:299:11)
      at async compileCSS (file:///C:/Users/heman/Agro-connect-prototype/frontend/node_modules/vite/dist/node/chunks/dep-BK3b2jBa.js:36898:21)
      at async TransformPluginContext.transform (file:///C:/Users/heman/Agro-connect-prototype/frontend/node_modules/vite/dist/node/chunks/dep-BK3b2jBa.js:36171:11)
      at async PluginContainer.transform (file:///C:/Users/heman/Agro-connect-prototype/frontend/node_modules/vite/dist/node/chunks/dep-BK3b2jBa.js:49099:18)
      at async loadAndTransform (file:///C:/Users/heman/Agro-connect-prototype/frontend/node_modules/vite/dist/node/chunks/dep-BK3b2jBa.js:51978:27)
[2m2:43:25 pm[22m [31m[1m[vite][22m[39m Pre-transform error: [postcss] C:/Users/heman/Agro-connect-prototype/frontend/src/index.css:7:1: The `border-ink-200` class does not exist. If `border-ink-200` is a custom class, make sure it is defined within a `@layer` directive.
[2m2:43:29 pm[22m [36m[1m[vite][22m[39m [32mhmr update [39m[2m/src/pages/Quality.jsx, /src/index.css[22m
[2m2:43:29 pm[22m [31m[1m[vite][22m[39m [31mInternal server error: [postcss] C:/Users/heman/Agro-connect-prototype/frontend/src/index.css:7:1: The `border-ink-200` class does not exist. If `border-ink-200` is a custom class, make sure it is defined within a `@layer` directive.[39m
  Plugin: [35mvite:css[39m
  File: [36mC:/Users/heman/Agro-connect-prototype/frontend/src/index.css[39m:7:0
[33m  5  |  @import url('https://fonts.googleapis.com/css2?family=Fraunces:opsz,wght@9..144,400;9..144,500;9..144,600;9..144,700&family=Inter:wght@400;500;600;700&display=swap');
  6  |  
  7  |  @tailwind base;
     |  ^
  8  |  @tailwind components;
  9  |  @tailwind utilities;[39m
      at Input.error (C:\Users\heman\Agro-connect-prototype\frontend\node_modules\postcss\lib\input.js:135:16)
      at AtRule.error (C:\Users\heman\Agro-connect-prototype\frontend\node_modules\postcss\lib\node.js:166:32)
      at processApply (C:\Users\heman\Agro-connect-prototype\frontend\node_modules\tailwindcss\lib\lib\expandApplyAtRules.js:380:29)
      at C:\Users\heman\Agro-connect-prototype\frontend\node_modules\tailwindcss\lib\lib\expandApplyAtRules.js:551:9
      at C:\Users\heman\Agro-connect-prototype\frontend\node_modules\tailwindcss\lib\processTailwindFeatures.js:55:50
      at async plugins (C:\Users\heman\Agro-connect-prototype\frontend\node_modules\tailwindcss\lib\plugin.js:38:17)
      at async LazyResult.runAsync (C:\Users\heman\Agro-connect-prototype\frontend\node_modules\postcss\lib\lazy-result.js:299:11)
      at async compileCSS (file:///C:/Users/heman/Agro-connect-prototype/frontend/node_modules/vite/dist/node/chunks/dep-BK3b2jBa.js:36898:21)
      at async TransformPluginContext.transform (file:///C:/Users/heman/Agro-connect-prototype/frontend/node_modules/vite/dist/node/chunks/dep-BK3b2jBa.js:36171:11)
      at async PluginContainer.transform (file:///C:/Users/heman/Agro-connect-prototype/frontend/node_modules/vite/dist/node/chunks/dep-BK3b2jBa.js:49099:18)
      at async loadAndTransform (file:///C:/Users/heman/Agro-connect-prototype/frontend/node_modules/vite/dist/node/chunks/dep-BK3b2jBa.js:51978:27)
[2m2:43:29 pm[22m [31m[1m[vite][22m[39m Pre-transform error: [postcss] C:/Users/heman/Agro-connect-prototype/frontend/src/index.css:7:1: The `border-ink-200` class does not exist. If `border-ink-200` is a custom class, make sure it is defined within a `@layer` directive.
[2m2:50:04 pm[22m [36m[1m[vite][22m[39m [32mhmr update [39m[2m/src/components/FarmerCard.jsx[22m
[2m2:50:04 pm[22m [31m[1m[vite][22m[39m [31mInternal server error: [postcss] C:/Users/heman/Agro-connect-prototype/frontend/src/index.css:7:1: The `border-ink-200` class does not exist. If `border-ink-200` is a custom class, make sure it is defined within a `@layer` directive.[39m
  Plugin: [35mvite:css[39m
  File: [36mC:/Users/heman/Agro-connect-prototype/frontend/src/index.css[39m:7:0
[33m  5  |  @import url('https://fonts.googleapis.com/css2?family=Fraunces:opsz,wght@9..144,400;9..144,500;9..144,600;9..144,700&family=Inter:wght@400;500;600;700&display=swap');
  6  |  
  7  |  @tailwind base;
     |  ^
  8  |  @tailwind components;
  9  |  @tailwind utilities;[39m
      at Input.error (C:\Users\heman\Agro-connect-prototype\frontend\node_modules\postcss\lib\input.js:135:16)
      at AtRule.error (C:\Users\heman\Agro-connect-prototype\frontend\node_modules\postcss\lib\node.js:166:32)
      at processApply (C:\Users\heman\Agro-connect-prototype\frontend\node_modules\tailwindcss\lib\lib\expandApplyAtRules.js:380:29)
      at C:\Users\heman\Agro-connect-prototype\frontend\node_modules\tailwindcss\lib\lib\expandApplyAtRules.js:551:9
      at C:\Users\heman\Agro-connect-prototype\frontend\node_modules\tailwindcss\lib\processTailwindFeatures.js:55:50
      at async plugins (C:\Users\heman\Agro-connect-prototype\frontend\node_modules\tailwindcss\lib\plugin.js:38:17)
      at async LazyResult.runAsync (C:\Users\heman\Agro-connect-prototype\frontend\node_modules\postcss\lib\lazy-result.js:299:11)
      at async compileCSS (file:///C:/Users/heman/Agro-connect-prototype/frontend/node_modules/vite/dist/node/chunks/dep-BK3b2jBa.js:36898:21)
      at async TransformPluginContext.transform (file:///C:/Users/heman/Agro-connect-prototype/frontend/node_modules/vite/dist/node/chunks/dep-BK3b2jBa.js:36171:11)
      at async PluginContainer.transform (file:///C:/Users/heman/Agro-connect-prototype/frontend/node_modules/vite/dist/node/chunks/dep-BK3b2jBa.js:49099:18)
      at async loadAndTransform (file:///C:/Users/heman/Agro-connect-prototype/frontend/node_modules/vite/dist/node/chunks/dep-BK3b2jBa.js:51978:27)
[2m2:50:04 pm[22m [31m[1m[vite][22m[39m Pre-transform error: [postcss] C:/Users/heman/Agro-connect-prototype/frontend/src/index.css:7:1: The `border-ink-200` class does not exist. If `border-ink-200` is a custom class, make sure it is defined within a `@layer` directive.
[2m2:50:17 pm[22m [36m[1m[vite][22m[39m [32mhmr update [39m[2m/src/pages/FPOs.jsx, /src/index.css[22m
[2m2:50:18 pm[22m [31m[1m[vite][22m[39m Pre-transform error: [postcss] C:/Users/heman/Agro-connect-prototype/frontend/src/index.css:7:1: The `border-ink-200` class does not exist. If `border-ink-200` is a custom class, make sure it is defined within a `@layer` directive.
[2m2:50:18 pm[22m [31m[1m[vite][22m[39m [31mInternal server error: [postcss] C:/Users/heman/Agro-connect-prototype/frontend/src/index.css:7:1: The `border-ink-200` class does not exist. If `border-ink-200` is a custom class, make sure it is defined within a `@layer` directive.[39m
  Plugin: [35mvite:css[39m
  File: [36mC:/Users/heman/Agro-connect-prototype/frontend/src/index.css[39m:7:0
[33m  5  |  @import url('https://fonts.googleapis.com/css2?family=Fraunces:opsz,wght@9..144,400;9..144,500;9..144,600;9..144,700&family=Inter:wght@400;500;600;700&display=swap');
  6  |  
  7  |  @tailwind base;
     |  ^
  8  |  @tailwind components;
  9  |  @tailwind utilities;[39m
      at Input.error (C:\Users\heman\Agro-connect-prototype\frontend\node_modules\postcss\lib\input.js:135:16)
      at AtRule.error (C:\Users\heman\Agro-connect-prototype\frontend\node_modules\postcss\lib\node.js:166:32)
      at processApply (C:\Users\heman\Agro-connect-prototype\frontend\node_modules\tailwindcss\lib\lib\expandApplyAtRules.js:380:29)
      at C:\Users\heman\Agro-connect-prototype\frontend\node_modules\tailwindcss\lib\lib\expandApplyAtRules.js:551:9
      at C:\Users\heman\Agro-connect-prototype\frontend\node_modules\tailwindcss\lib\processTailwindFeatures.js:55:50
      at async plugins (C:\Users\heman\Agro-connect-prototype\frontend\node_modules\tailwindcss\lib\plugin.js:38:17)
      at async LazyResult.runAsync (C:\Users\heman\Agro-connect-prototype\frontend\node_modules\postcss\lib\lazy-result.js:299:11)
      at async compileCSS (file:///C:/Users/heman/Agro-connect-prototype/frontend/node_modules/vite/dist/node/chunks/dep-BK3b2jBa.js:36898:21)
      at async TransformPluginContext.transform (file:///C:/Users/heman/Agro-connect-prototype/frontend/node_modules/vite/dist/node/chunks/dep-BK3b2jBa.js:36171:11)
      at async PluginContainer.transform (file:///C:/Users/heman/Agro-connect-prototype/frontend/node_modules/vite/dist/node/chunks/dep-BK3b2jBa.js:49099:18)
      at async loadAndTransform (file:///C:/Users/heman/Agro-connect-prototype/frontend/node_modules/vite/dist/node/chunks/dep-BK3b2jBa.js:51978:27)
      at async viteTransformMiddleware (file:///C:/Users/heman/Agro-connect-prototype/frontend/node_modules/vite/dist/node/chunks/dep-BK3b2jBa.js:62106:24)
[2m2:50:35 pm[22m [36m[1m[vite][22m[39m [32mhmr update [39m[2m/src/pages/Buyers.jsx, /src/index.css[22m
[2m2:50:35 pm[22m [31m[1m[vite][22m[39m [31mInternal server error: [postcss] C:/Users/heman/Agro-connect-prototype/frontend/src/index.css:7:1: The `border-ink-200` class does not exist. If `border-ink-200` is a custom class, make sure it is defined within a `@layer` directive.[39m
  Plugin: [35mvite:css[39m
  File: [36mC:/Users/heman/Agro-connect-prototype/frontend/src/index.css[39m:7:0
[33m  5  |  @import url('https://fonts.googleapis.com/css2?family=Fraunces:opsz,wght@9..144,400;9..144,500;9..144,600;9..144,700&family=Inter:wght@400;500;600;700&display=swap');
  6  |  
  7  |  @tailwind base;
     |  ^
  8  |  @tailwind components;
  9  |  @tailwind utilities;[39m
      at Input.error (C:\Users\heman\Agro-connect-prototype\frontend\node_modules\postcss\lib\input.js:135:16)
      at AtRule.error (C:\Users\heman\Agro-connect-prototype\frontend\node_modules\postcss\lib\node.js:166:32)
      at processApply (C:\Users\heman\Agro-connect-prototype\frontend\node_modules\tailwindcss\lib\lib\expandApplyAtRules.js:380:29)
      at C:\Users\heman\Agro-connect-prototype\frontend\node_modules\tailwindcss\lib\lib\expandApplyAtRules.js:551:9
      at C:\Users\heman\Agro-connect-prototype\frontend\node_modules\tailwindcss\lib\processTailwindFeatures.js:55:50
      at async plugins (C:\Users\heman\Agro-connect-prototype\frontend\node_modules\tailwindcss\lib\plugin.js:38:17)
      at async LazyResult.runAsync (C:\Users\heman\Agro-connect-prototype\frontend\node_modules\postcss\lib\lazy-result.js:299:11)
      at async compileCSS (file:///C:/Users/heman/Agro-connect-prototype/frontend/node_modules/vite/dist/node/chunks/dep-BK3b2jBa.js:36898:21)
      at async TransformPluginContext.transform (file:///C:/Users/heman/Agro-connect-prototype/frontend/node_modules/vite/dist/node/chunks/dep-BK3b2jBa.js:36171:11)
      at async PluginContainer.transform (file:///C:/Users/heman/Agro-connect-prototype/frontend/node_modules/vite/dist/node/chunks/dep-BK3b2jBa.js:49099:18)
      at async loadAndTransform (file:///C:/Users/heman/Agro-connect-prototype/frontend/node_modules/vite/dist/node/chunks/dep-BK3b2jBa.js:51978:27)
[2m2:50:35 pm[22m [31m[1m[vite][22m[39m Pre-transform error: [postcss] C:/Users/heman/Agro-connect-prototype/frontend/src/index.css:7:1: The `border-ink-200` class does not exist. If `border-ink-200` is a custom class, make sure it is defined within a `@layer` directive.
[2m2:50:41 pm[22m [36m[1m[vite][22m[39m [32mhmr update [39m[2m/src/pages/Buyers.jsx, /src/index.css[22m
[2m2:50:41 pm[22m [31m[1m[vite][22m[39m [31mInternal server error: [postcss] C:/Users/heman/Agro-connect-prototype/frontend/src/index.css:7:1: The `border-ink-200` class does not exist. If `border-ink-200` is a custom class, make sure it is defined within a `@layer` directive.[39m
  Plugin: [35mvite:css[39m
  File: [36mC:/Users/heman/Agro-connect-prototype/frontend/src/index.css[39m:7:0
[33m  5  |  @import url('https://fonts.googleapis.com/css2?family=Fraunces:opsz,wght@9..144,400;9..144,500;9..144,600;9..144,700&family=Inter:wght@400;500;600;700&display=swap');
  6  |  
  7  |  @tailwind base;
     |  ^
  8  |  @tailwind components;
  9  |  @tailwind utilities;[39m
      at Input.error (C:\Users\heman\Agro-connect-prototype\frontend\node_modules\postcss\lib\input.js:135:16)
      at AtRule.error (C:\Users\heman\Agro-connect-prototype\frontend\node_modules\postcss\lib\node.js:166:32)
      at processApply (C:\Users\heman\Agro-connect-prototype\frontend\node_modules\tailwindcss\lib\lib\expandApplyAtRules.js:380:29)
      at C:\Users\heman\Agro-connect-prototype\frontend\node_modules\tailwindcss\lib\lib\expandApplyAtRules.js:551:9
      at C:\Users\heman\Agro-connect-prototype\frontend\node_modules\tailwindcss\lib\processTailwindFeatures.js:55:50
      at async plugins (C:\Users\heman\Agro-connect-prototype\frontend\node_modules\tailwindcss\lib\plugin.js:38:17)
      at async LazyResult.runAsync (C:\Users\heman\Agro-connect-prototype\frontend\node_modules\postcss\lib\lazy-result.js:299:11)
      at async compileCSS (file:///C:/Users/heman/Agro-connect-prototype/frontend/node_modules/vite/dist/node/chunks/dep-BK3b2jBa.js:36898:21)
      at async TransformPluginContext.transform (file:///C:/Users/heman/Agro-connect-prototype/frontend/node_modules/vite/dist/node/chunks/dep-BK3b2jBa.js:36171:11)
      at async PluginContainer.transform (file:///C:/Users/heman/Agro-connect-prototype/frontend/node_modules/vite/dist/node/chunks/dep-BK3b2jBa.js:49099:18)
      at async loadAndTransform (file:///C:/Users/heman/Agro-connect-prototype/frontend/node_modules/vite/dist/node/chunks/dep-BK3b2jBa.js:51978:27)
[2m2:50:41 pm[22m [31m[1m[vite][22m[39m Pre-transform error: [postcss] C:/Users/heman/Agro-connect-prototype/frontend/src/index.css:7:1: The `border-ink-200` class does not exist. If `border-ink-200` is a custom class, make sure it is defined within a `@layer` directive.
[2m2:50:59 pm[22m [36m[1m[vite][22m[39m [32mhmr update [39m[2m/src/pages/BuyerMatch.jsx, /src/index.css[22m
[2m2:51:00 pm[22m [31m[1m[vite][22m[39m [31mInternal server error: [postcss] C:/Users/heman/Agro-connect-prototype/frontend/src/index.css:7:1: The `border-ink-200` class does not exist. If `border-ink-200` is a custom class, make sure it is defined within a `@layer` directive.[39m
  Plugin: [35mvite:css[39m
  File: [36mC:/Users/heman/Agro-connect-prototype/frontend/src/index.css[39m:7:0
[33m  5  |  @import url('https://fonts.googleapis.com/css2?family=Fraunces:opsz,wght@9..144,400;9..144,500;9..144,600;9..144,700&family=Inter:wght@400;500;600;700&display=swap');
  6  |  
  7  |  @tailwind base;
     |  ^
  8  |  @tailwind components;
  9  |  @tailwind utilities;[39m
      at Input.error (C:\Users\heman\Agro-connect-prototype\frontend\node_modules\postcss\lib\input.js:135:16)
      at AtRule.error (C:\Users\heman\Agro-connect-prototype\frontend\node_modules\postcss\lib\node.js:166:32)
      at processApply (C:\Users\heman\Agro-connect-prototype\frontend\node_modules\tailwindcss\lib\lib\expandApplyAtRules.js:380:29)
      at C:\Users\heman\Agro-connect-prototype\frontend\node_modules\tailwindcss\lib\lib\expandApplyAtRules.js:551:9
      at C:\Users\heman\Agro-connect-prototype\frontend\node_modules\tailwindcss\lib\processTailwindFeatures.js:55:50
      at async plugins (C:\Users\heman\Agro-connect-prototype\frontend\node_modules\tailwindcss\lib\plugin.js:38:17)
      at async LazyResult.runAsync (C:\Users\heman\Agro-connect-prototype\frontend\node_modules\postcss\lib\lazy-result.js:299:11)
      at async compileCSS (file:///C:/Users/heman/Agro-connect-prototype/frontend/node_modules/vite/dist/node/chunks/dep-BK3b2jBa.js:36898:21)
      at async TransformPluginContext.transform (file:///C:/Users/heman/Agro-connect-prototype/frontend/node_modules/vite/dist/node/chunks/dep-BK3b2jBa.js:36171:11)
      at async PluginContainer.transform (file:///C:/Users/heman/Agro-connect-prototype/frontend/node_modules/vite/dist/node/chunks/dep-BK3b2jBa.js:49099:18)
      at async loadAndTransform (file:///C:/Users/heman/Agro-connect-prototype/frontend/node_modules/vite/dist/node/chunks/dep-BK3b2jBa.js:51978:27)
[2m2:51:00 pm[22m [31m[1m[vite][22m[39m Pre-transform error: [postcss] C:/Users/heman/Agro-connect-prototype/frontend/src/index.css:7:1: The `border-ink-200` class does not exist. If `border-ink-200` is a custom class, make sure it is defined within a `@layer` directive.
[2m2:51:12 pm[22m [36m[1m[vite][22m[39m [32mhmr update [39m[2m/src/pages/FarmerDashboard.jsx, /src/index.css[22m
[2m2:51:12 pm[22m [31m[1m[vite][22m[39m [31mInternal server error: [postcss] C:/Users/heman/Agro-connect-prototype/frontend/src/index.css:7:1: The `border-ink-200` class does not exist. If `border-ink-200` is a custom class, make sure it is defined within a `@layer` directive.[39m
  Plugin: [35mvite:css[39m
  File: [36mC:/Users/heman/Agro-connect-prototype/frontend/src/index.css[39m:7:0
[33m  5  |  @import url('https://fonts.googleapis.com/css2?family=Fraunces:opsz,wght@9..144,400;9..144,500;9..144,600;9..144,700&family=Inter:wght@400;500;600;700&display=swap');
  6  |  
  7  |  @tailwind base;
     |  ^
  8  |  @tailwind components;
  9  |  @tailwind utilities;[39m
      at Input.error (C:\Users\heman\Agro-connect-prototype\frontend\node_modules\postcss\lib\input.js:135:16)
      at AtRule.error (C:\Users\heman\Agro-connect-prototype\frontend\node_modules\postcss\lib\node.js:166:32)
      at processApply (C:\Users\heman\Agro-connect-prototype\frontend\node_modules\tailwindcss\lib\lib\expandApplyAtRules.js:380:29)
      at C:\Users\heman\Agro-connect-prototype\frontend\node_modules\tailwindcss\lib\lib\expandApplyAtRules.js:551:9
      at C:\Users\heman\Agro-connect-prototype\frontend\node_modules\tailwindcss\lib\processTailwindFeatures.js:55:50
      at async plugins (C:\Users\heman\Agro-connect-prototype\frontend\node_modules\tailwindcss\lib\plugin.js:38:17)
      at async LazyResult.runAsync (C:\Users\heman\Agro-connect-prototype\frontend\node_modules\postcss\lib\lazy-result.js:299:11)
      at async compileCSS (file:///C:/Users/heman/Agro-connect-prototype/frontend/node_modules/vite/dist/node/chunks/dep-BK3b2jBa.js:36898:21)
      at async TransformPluginContext.transform (file:///C:/Users/heman/Agro-connect-prototype/frontend/node_modules/vite/dist/node/chunks/dep-BK3b2jBa.js:36171:11)
      at async PluginContainer.transform (file:///C:/Users/heman/Agro-connect-prototype/frontend/node_modules/vite/dist/node/chunks/dep-BK3b2jBa.js:49099:18)
      at async loadAndTransform (file:///C:/Users/heman/Agro-connect-prototype/frontend/node_modules/vite/dist/node/chunks/dep-BK3b2jBa.js:51978:27)
[2m2:51:12 pm[22m [31m[1m[vite][22m[39m Pre-transform error: [postcss] C:/Users/heman/Agro-connect-prototype/frontend/src/index.css:7:1: The `border-ink-200` class does not exist. If `border-ink-200` is a custom class, make sure it is defined within a `@layer` directive.
[2m2:53:17 pm[22m [36m[1m[vite][22m[39m [32mhmr update [39m[2m/src/components/PriceTrendChart.jsx[22m
[2m2:53:18 pm[22m [31m[1m[vite][22m[39m Pre-transform error: [postcss] C:/Users/heman/Agro-connect-prototype/frontend/src/index.css:7:1: The `border-ink-200` class does not exist. If `border-ink-200` is a custom class, make sure it is defined within a `@layer` directive.
[2m2:53:18 pm[22m [31m[1m[vite][22m[39m [31mInternal server error: [postcss] C:/Users/heman/Agro-connect-prototype/frontend/src/index.css:7:1: The `border-ink-200` class does not exist. If `border-ink-200` is a custom class, make sure it is defined within a `@layer` directive.[39m
  Plugin: [35mvite:css[39m
  File: [36mC:/Users/heman/Agro-connect-prototype/frontend/src/index.css[39m:7:0
[33m  5  |  @import url('https://fonts.googleapis.com/css2?family=Fraunces:opsz,wght@9..144,400;9..144,500;9..144,600;9..144,700&family=Inter:wght@400;500;600;700&display=swap');
  6  |  
  7  |  @tailwind base;
     |  ^
  8  |  @tailwind components;
  9  |  @tailwind utilities;[39m
      at Input.error (C:\Users\heman\Agro-connect-prototype\frontend\node_modules\postcss\lib\input.js:135:16)
      at AtRule.error (C:\Users\heman\Agro-connect-prototype\frontend\node_modules\postcss\lib\node.js:166:32)
      at processApply (C:\Users\heman\Agro-connect-prototype\frontend\node_modules\tailwindcss\lib\lib\expandApplyAtRules.js:380:29)
      at C:\Users\heman\Agro-connect-prototype\frontend\node_modules\tailwindcss\lib\lib\expandApplyAtRules.js:551:9
      at C:\Users\heman\Agro-connect-prototype\frontend\node_modules\tailwindcss\lib\processTailwindFeatures.js:55:50
      at async plugins (C:\Users\heman\Agro-connect-prototype\frontend\node_modules\tailwindcss\lib\plugin.js:38:17)
      at async LazyResult.runAsync (C:\Users\heman\Agro-connect-prototype\frontend\node_modules\postcss\lib\lazy-result.js:299:11)
      at async compileCSS (file:///C:/Users/heman/Agro-connect-prototype/frontend/node_modules/vite/dist/node/chunks/dep-BK3b2jBa.js:36898:21)
      at async TransformPluginContext.transform (file:///C:/Users/heman/Agro-connect-prototype/frontend/node_modules/vite/dist/node/chunks/dep-BK3b2jBa.js:36171:11)
      at async PluginContainer.transform (file:///C:/Users/heman/Agro-connect-prototype/frontend/node_modules/vite/dist/node/chunks/dep-BK3b2jBa.js:49099:18)
      at async loadAndTransform (file:///C:/Users/heman/Agro-connect-prototype/frontend/node_modules/vite/dist/node/chunks/dep-BK3b2jBa.js:51978:27)
      at async viteTransformMiddleware (file:///C:/Users/heman/Agro-connect-prototype/frontend/node_modules/vite/dist/node/chunks/dep-BK3b2jBa.js:62106:24)
[2m2:54:48 pm[22m [36m[1m[vite][22m[39m [32mhmr update [39m[2m/src/pages/MarketPrices.jsx, /src/index.css[22m
[2m2:54:49 pm[22m [31m[1m[vite][22m[39m [31mInternal server error: [postcss] C:/Users/heman/Agro-connect-prototype/frontend/src/index.css:7:1: The `border-ink-200` class does not exist. If `border-ink-200` is a custom class, make sure it is defined within a `@layer` directive.[39m
  Plugin: [35mvite:css[39m
  File: [36mC:/Users/heman/Agro-connect-prototype/frontend/src/index.css[39m:7:0
[33m  5  |  @import url('https://fonts.googleapis.com/css2?family=Fraunces:opsz,wght@9..144,400;9..144,500;9..144,600;9..144,700&family=Inter:wght@400;500;600;700&display=swap');
  6  |  
  7  |  @tailwind base;
     |  ^
  8  |  @tailwind components;
  9  |  @tailwind utilities;[39m
      at Input.error (C:\Users\heman\Agro-connect-prototype\frontend\node_modules\postcss\lib\input.js:135:16)
      at AtRule.error (C:\Users\heman\Agro-connect-prototype\frontend\node_modules\postcss\lib\node.js:166:32)
      at processApply (C:\Users\heman\Agro-connect-prototype\frontend\node_modules\tailwindcss\lib\lib\expandApplyAtRules.js:380:29)
      at C:\Users\heman\Agro-connect-prototype\frontend\node_modules\tailwindcss\lib\lib\expandApplyAtRules.js:551:9
      at C:\Users\heman\Agro-connect-prototype\frontend\node_modules\tailwindcss\lib\processTailwindFeatures.js:55:50
      at async plugins (C:\Users\heman\Agro-connect-prototype\frontend\node_modules\tailwindcss\lib\plugin.js:38:17)
      at async LazyResult.runAsync (C:\Users\heman\Agro-connect-prototype\frontend\node_modules\postcss\lib\lazy-result.js:299:11)
      at async compileCSS (file:///C:/Users/heman/Agro-connect-prototype/frontend/node_modules/vite/dist/node/chunks/dep-BK3b2jBa.js:36898:21)
      at async TransformPluginContext.transform (file:///C:/Users/heman/Agro-connect-prototype/frontend/node_modules/vite/dist/node/chunks/dep-BK3b2jBa.js:36171:11)
      at async PluginContainer.transform (file:///C:/Users/heman/Agro-connect-prototype/frontend/node_modules/vite/dist/node/chunks/dep-BK3b2jBa.js:49099:18)
      at async loadAndTransform (file:///C:/Users/heman/Agro-connect-prototype/frontend/node_modules/vite/dist/node/chunks/dep-BK3b2jBa.js:51978:27)
[2m2:54:49 pm[22m [31m[1m[vite][22m[39m Pre-transform error: [postcss] C:/Users/heman/Agro-connect-prototype/frontend/src/index.css:7:1: The `border-ink-200` class does not exist. If `border-ink-200` is a custom class, make sure it is defined within a `@layer` directive.
[2m2:55:15 pm[22m [36m[1m[vite][22m[39m [32mhmr update [39m[2m/src/pages/MarketPrices.jsx, /src/index.css[22m
[2m2:55:15 pm[22m [31m[1m[vite][22m[39m Pre-transform error: [postcss] C:/Users/heman/Agro-connect-prototype/frontend/src/index.css:7:1: The `border-ink-200` class does not exist. If `border-ink-200` is a custom class, make sure it is defined within a `@layer` directive.
[2m2:55:15 pm[22m [31m[1m[vite][22m[39m [31mInternal server error: [postcss] C:/Users/heman/Agro-connect-prototype/frontend/src/index.css:7:1: The `border-ink-200` class does not exist. If `border-ink-200` is a custom class, make sure it is defined within a `@layer` directive.[39m
  Plugin: [35mvite:css[39m
  File: [36mC:/Users/heman/Agro-connect-prototype/frontend/src/index.css[39m:7:0
[33m  5  |  @import url('https://fonts.googleapis.com/css2?family=Fraunces:opsz,wght@9..144,400;9..144,500;9..144,600;9..144,700&family=Inter:wght@400;500;600;700&display=swap');
  6  |  
  7  |  @tailwind base;
     |  ^
  8  |  @tailwind components;
  9  |  @tailwind utilities;[39m
      at Input.error (C:\Users\heman\Agro-connect-prototype\frontend\node_modules\postcss\lib\input.js:135:16)
      at AtRule.error (C:\Users\heman\Agro-connect-prototype\frontend\node_modules\postcss\lib\node.js:166:32)
      at processApply (C:\Users\heman\Agro-connect-prototype\frontend\node_modules\tailwindcss\lib\lib\expandApplyAtRules.js:380:29)
      at C:\Users\heman\Agro-connect-prototype\frontend\node_modules\tailwindcss\lib\lib\expandApplyAtRules.js:551:9
      at C:\Users\heman\Agro-connect-prototype\frontend\node_modules\tailwindcss\lib\processTailwindFeatures.js:55:50
      at async plugins (C:\Users\heman\Agro-connect-prototype\frontend\node_modules\tailwindcss\lib\plugin.js:38:17)
      at async LazyResult.runAsync (C:\Users\heman\Agro-connect-prototype\frontend\node_modules\postcss\lib\lazy-result.js:299:11)
      at async compileCSS (file:///C:/Users/heman/Agro-connect-prototype/frontend/node_modules/vite/dist/node/chunks/dep-BK3b2jBa.js:36898:21)
      at async TransformPluginContext.transform (file:///C:/Users/heman/Agro-connect-prototype/frontend/node_modules/vite/dist/node/chunks/dep-BK3b2jBa.js:36171:11)
      at async PluginContainer.transform (file:///C:/Users/heman/Agro-connect-prototype/frontend/node_modules/vite/dist/node/chunks/dep-BK3b2jBa.js:49099:18)
      at async loadAndTransform (file:///C:/Users/heman/Agro-connect-prototype/frontend/node_modules/vite/dist/node/chunks/dep-BK3b2jBa.js:51978:27)
      at async viteTransformMiddleware (file:///C:/Users/heman/Agro-connect-prototype/frontend/node_modules/vite/dist/node/chunks/dep-BK3b2jBa.js:62106:24)
[2m2:55:26 pm[22m [36m[1m[vite][22m[39m [32mhmr update [39m[2m/src/pages/Opportunities.jsx, /src/index.css[22m
[2m2:55:26 pm[22m [31m[1m[vite][22m[39m [31mInternal server error: [postcss] C:/Users/heman/Agro-connect-prototype/frontend/src/index.css:7:1: The `border-ink-200` class does not exist. If `border-ink-200` is a custom class, make sure it is defined within a `@layer` directive.[39m
  Plugin: [35mvite:css[39m
  File: [36mC:/Users/heman/Agro-connect-prototype/frontend/src/index.css[39m:7:0
[33m  5  |  @import url('https://fonts.googleapis.com/css2?family=Fraunces:opsz,wght@9..144,400;9..144,500;9..144,600;9..144,700&family=Inter:wght@400;500;600;700&display=swap');
  6  |  
  7  |  @tailwind base;
     |  ^
  8  |  @tailwind components;
  9  |  @tailwind utilities;[39m
      at Input.error (C:\Users\heman\Agro-connect-prototype\frontend\node_modules\postcss\lib\input.js:135:16)
      at AtRule.error (C:\Users\heman\Agro-connect-prototype\frontend\node_modules\postcss\lib\node.js:166:32)
      at processApply (C:\Users\heman\Agro-connect-prototype\frontend\node_modules\tailwindcss\lib\lib\expandApplyAtRules.js:380:29)
      at C:\Users\heman\Agro-connect-prototype\frontend\node_modules\tailwindcss\lib\lib\expandApplyAtRules.js:551:9
      at C:\Users\heman\Agro-connect-prototype\frontend\node_modules\tailwindcss\lib\processTailwindFeatures.js:55:50
      at async plugins (C:\Users\heman\Agro-connect-prototype\frontend\node_modules\tailwindcss\lib\plugin.js:38:17)
      at async LazyResult.runAsync (C:\Users\heman\Agro-connect-prototype\frontend\node_modules\postcss\lib\lazy-result.js:299:11)
      at async compileCSS (file:///C:/Users/heman/Agro-connect-prototype/frontend/node_modules/vite/dist/node/chunks/dep-BK3b2jBa.js:36898:21)
      at async TransformPluginContext.transform (file:///C:/Users/heman/Agro-connect-prototype/frontend/node_modules/vite/dist/node/chunks/dep-BK3b2jBa.js:36171:11)
      at async PluginContainer.transform (file:///C:/Users/heman/Agro-connect-prototype/frontend/node_modules/vite/dist/node/chunks/dep-BK3b2jBa.js:49099:18)
      at async loadAndTransform (file:///C:/Users/heman/Agro-connect-prototype/frontend/node_modules/vite/dist/node/chunks/dep-BK3b2jBa.js:51978:27)
[2m2:55:26 pm[22m [31m[1m[vite][22m[39m Pre-transform error: [postcss] C:/Users/heman/Agro-connect-prototype/frontend/src/index.css:7:1: The `border-ink-200` class does not exist. If `border-ink-200` is a custom class, make sure it is defined within a `@layer` directive.
[2m2:55:37 pm[22m [36m[1m[vite][22m[39m [32mhmr update [39m[2m/src/pages/Landing.jsx, /src/index.css[22m
[2m2:55:37 pm[22m [31m[1m[vite][22m[39m Pre-transform error: [postcss] C:/Users/heman/Agro-connect-prototype/frontend/src/index.css:7:1: The `border-ink-200` class does not exist. If `border-ink-200` is a custom class, make sure it is defined within a `@layer` directive.
[2m2:55:37 pm[22m [31m[1m[vite][22m[39m [31mInternal server error: [postcss] C:/Users/heman/Agro-connect-prototype/frontend/src/index.css:7:1: The `border-ink-200` class does not exist. If `border-ink-200` is a custom class, make sure it is defined within a `@layer` directive.[39m
  Plugin: [35mvite:css[39m
  File: [36mC:/Users/heman/Agro-connect-prototype/frontend/src/index.css[39m:7:0
[33m  5  |  @import url('https://fonts.googleapis.com/css2?family=Fraunces:opsz,wght@9..144,400;9..144,500;9..144,600;9..144,700&family=Inter:wght@400;500;600;700&display=swap');
  6  |  
  7  |  @tailwind base;
     |  ^
  8  |  @tailwind components;
  9  |  @tailwind utilities;[39m
      at Input.error (C:\Users\heman\Agro-connect-prototype\frontend\node_modules\postcss\lib\input.js:135:16)
      at AtRule.error (C:\Users\heman\Agro-connect-prototype\frontend\node_modules\postcss\lib\node.js:166:32)
      at processApply (C:\Users\heman\Agro-connect-prototype\frontend\node_modules\tailwindcss\lib\lib\expandApplyAtRules.js:380:29)
      at C:\Users\heman\Agro-connect-prototype\frontend\node_modules\tailwindcss\lib\lib\expandApplyAtRules.js:551:9
      at C:\Users\heman\Agro-connect-prototype\frontend\node_modules\tailwindcss\lib\processTailwindFeatures.js:55:50
      at async plugins (C:\Users\heman\Agro-connect-prototype\frontend\node_modules\tailwindcss\lib\plugin.js:38:17)
      at async LazyResult.runAsync (C:\Users\heman\Agro-connect-prototype\frontend\node_modules\postcss\lib\lazy-result.js:299:11)
      at async compileCSS (file:///C:/Users/heman/Agro-connect-prototype/frontend/node_modules/vite/dist/node/chunks/dep-BK3b2jBa.js:36898:21)
      at async TransformPluginContext.transform (file:///C:/Users/heman/Agro-connect-prototype/frontend/node_modules/vite/dist/node/chunks/dep-BK3b2jBa.js:36171:11)
      at async PluginContainer.transform (file:///C:/Users/heman/Agro-connect-prototype/frontend/node_modules/vite/dist/node/chunks/dep-BK3b2jBa.js:49099:18)
      at async loadAndTransform (file:///C:/Users/heman/Agro-connect-prototype/frontend/node_modules/vite/dist/node/chunks/dep-BK3b2jBa.js:51978:27)
      at async viteTransformMiddleware (file:///C:/Users/heman/Agro-connect-prototype/frontend/node_modules/vite/dist/node/chunks/dep-BK3b2jBa.js:62106:24)
[2m2:56:32 pm[22m [36m[1m[vite][22m[39m [32mhmr update [39m[2m/src/pages/Landing.jsx, /src/index.css[22m
[2m2:56:32 pm[22m [31m[1m[vite][22m[39m [31mInternal server error: [postcss] C:/Users/heman/Agro-connect-prototype/frontend/src/index.css:7:1: The `border-ink-200` class does not exist. If `border-ink-200` is a custom class, make sure it is defined within a `@layer` directive.[39m
  Plugin: [35mvite:css[39m
  File: [36mC:/Users/heman/Agro-connect-prototype/frontend/src/index.css[39m:7:0
[33m  5  |  @import url('https://fonts.googleapis.com/css2?family=Fraunces:opsz,wght@9..144,400;9..144,500;9..144,600;9..144,700&family=Inter:wght@400;500;600;700&display=swap');
  6  |  
  7  |  @tailwind base;
     |  ^
  8  |  @tailwind components;
  9  |  @tailwind utilities;[39m
      at Input.error (C:\Users\heman\Agro-connect-prototype\frontend\node_modules\postcss\lib\input.js:135:16)
      at AtRule.error (C:\Users\heman\Agro-connect-prototype\frontend\node_modules\postcss\lib\node.js:166:32)
      at processApply (C:\Users\heman\Agro-connect-prototype\frontend\node_modules\tailwindcss\lib\lib\expandApplyAtRules.js:380:29)
      at C:\Users\heman\Agro-connect-prototype\frontend\node_modules\tailwindcss\lib\lib\expandApplyAtRules.js:551:9
      at C:\Users\heman\Agro-connect-prototype\frontend\node_modules\tailwindcss\lib\processTailwindFeatures.js:55:50
      at async plugins (C:\Users\heman\Agro-connect-prototype\frontend\node_modules\tailwindcss\lib\plugin.js:38:17)
      at async LazyResult.runAsync (C:\Users\heman\Agro-connect-prototype\frontend\node_modules\postcss\lib\lazy-result.js:299:11)
      at async compileCSS (file:///C:/Users/heman/Agro-connect-prototype/frontend/node_modules/vite/dist/node/chunks/dep-BK3b2jBa.js:36898:21)
      at async TransformPluginContext.transform (file:///C:/Users/heman/Agro-connect-prototype/frontend/node_modules/vite/dist/node/chunks/dep-BK3b2jBa.js:36171:11)
      at async PluginContainer.transform (file:///C:/Users/heman/Agro-connect-prototype/frontend/node_modules/vite/dist/node/chunks/dep-BK3b2jBa.js:49099:18)
      at async loadAndTransform (file:///C:/Users/heman/Agro-connect-prototype/frontend/node_modules/vite/dist/node/chunks/dep-BK3b2jBa.js:51978:27)
[2m2:56:32 pm[22m [31m[1m[vite][22m[39m Pre-transform error: [postcss] C:/Users/heman/Agro-connect-prototype/frontend/src/index.css:7:1: The `border-ink-200` class does not exist. If `border-ink-200` is a custom class, make sure it is defined within a `@layer` directive.
[2m2:56:50 pm[22m [36m[1m[vite][22m[39m [32mhmr update [39m[2m/src/pages/Deal.jsx, /src/index.css[22m
[2m2:56:50 pm[22m [31m[1m[vite][22m[39m Pre-transform error: [postcss] C:/Users/heman/Agro-connect-prototype/frontend/src/index.css:7:1: The `border-ink-200` class does not exist. If `border-ink-200` is a custom class, make sure it is defined within a `@layer` directive.
[2m2:56:50 pm[22m [31m[1m[vite][22m[39m [31mInternal server error: [postcss] C:/Users/heman/Agro-connect-prototype/frontend/src/index.css:7:1: The `border-ink-200` class does not exist. If `border-ink-200` is a custom class, make sure it is defined within a `@layer` directive.[39m
  Plugin: [35mvite:css[39m
  File: [36mC:/Users/heman/Agro-connect-prototype/frontend/src/index.css[39m:7:0
[33m  5  |  @import url('https://fonts.googleapis.com/css2?family=Fraunces:opsz,wght@9..144,400;9..144,500;9..144,600;9..144,700&family=Inter:wght@400;500;600;700&display=swap');
  6  |  
  7  |  @tailwind base;
     |  ^
  8  |  @tailwind components;
  9  |  @tailwind utilities;[39m
      at Input.error (C:\Users\heman\Agro-connect-prototype\frontend\node_modules\postcss\lib\input.js:135:16)
      at AtRule.error (C:\Users\heman\Agro-connect-prototype\frontend\node_modules\postcss\lib\node.js:166:32)
      at processApply (C:\Users\heman\Agro-connect-prototype\frontend\node_modules\tailwindcss\lib\lib\expandApplyAtRules.js:380:29)
      at C:\Users\heman\Agro-connect-prototype\frontend\node_modules\tailwindcss\lib\lib\expandApplyAtRules.js:551:9
      at C:\Users\heman\Agro-connect-prototype\frontend\node_modules\tailwindcss\lib\processTailwindFeatures.js:55:50
      at async plugins (C:\Users\heman\Agro-connect-prototype\frontend\node_modules\tailwindcss\lib\plugin.js:38:17)
      at async LazyResult.runAsync (C:\Users\heman\Agro-connect-prototype\frontend\node_modules\postcss\lib\lazy-result.js:299:11)
      at async compileCSS (file:///C:/Users/heman/Agro-connect-prototype/frontend/node_modules/vite/dist/node/chunks/dep-BK3b2jBa.js:36898:21)
      at async TransformPluginContext.transform (file:///C:/Users/heman/Agro-connect-prototype/frontend/node_modules/vite/dist/node/chunks/dep-BK3b2jBa.js:36171:11)
      at async PluginContainer.transform (file:///C:/Users/heman/Agro-connect-prototype/frontend/node_modules/vite/dist/node/chunks/dep-BK3b2jBa.js:49099:18)
      at async loadAndTransform (file:///C:/Users/heman/Agro-connect-prototype/frontend/node_modules/vite/dist/node/chunks/dep-BK3b2jBa.js:51978:27)
      at async viteTransformMiddleware (file:///C:/Users/heman/Agro-connect-prototype/frontend/node_modules/vite/dist/node/chunks/dep-BK3b2jBa.js:62106:24)
[2m2:57:02 pm[22m [36m[1m[vite][22m[39m [32mhmr update [39m[2m/src/pages/FPOs.jsx, /src/index.css[22m
[2m2:57:03 pm[22m [31m[1m[vite][22m[39m Pre-transform error: [postcss] C:/Users/heman/Agro-connect-prototype/frontend/src/index.css:7:1: The `border-ink-200` class does not exist. If `border-ink-200` is a custom class, make sure it is defined within a `@layer` directive.
[2m2:57:03 pm[22m [31m[1m[vite][22m[39m [31mInternal server error: [postcss] C:/Users/heman/Agro-connect-prototype/frontend/src/index.css:7:1: The `border-ink-200` class does not exist. If `border-ink-200` is a custom class, make sure it is defined within a `@layer` directive.[39m
  Plugin: [35mvite:css[39m
  File: [36mC:/Users/heman/Agro-connect-prototype/frontend/src/index.css[39m:7:0
[33m  5  |  @import url('https://fonts.googleapis.com/css2?family=Fraunces:opsz,wght@9..144,400;9..144,500;9..144,600;9..144,700&family=Inter:wght@400;500;600;700&display=swap');
  6  |  
  7  |  @tailwind base;
     |  ^
  8  |  @tailwind components;
  9  |  @tailwind utilities;[39m
      at Input.error (C:\Users\heman\Agro-connect-prototype\frontend\node_modules\postcss\lib\input.js:135:16)
      at AtRule.error (C:\Users\heman\Agro-connect-prototype\frontend\node_modules\postcss\lib\node.js:166:32)
      at processApply (C:\Users\heman\Agro-connect-prototype\frontend\node_modules\tailwindcss\lib\lib\expandApplyAtRules.js:380:29)
      at C:\Users\heman\Agro-connect-prototype\frontend\node_modules\tailwindcss\lib\lib\expandApplyAtRules.js:551:9
      at C:\Users\heman\Agro-connect-prototype\frontend\node_modules\tailwindcss\lib\processTailwindFeatures.js:55:50
      at async plugins (C:\Users\heman\Agro-connect-prototype\frontend\node_modules\tailwindcss\lib\plugin.js:38:17)
      at async LazyResult.runAsync (C:\Users\heman\Agro-connect-prototype\frontend\node_modules\postcss\lib\lazy-result.js:299:11)
      at async compileCSS (file:///C:/Users/heman/Agro-connect-prototype/frontend/node_modules/vite/dist/node/chunks/dep-BK3b2jBa.js:36898:21)
      at async TransformPluginContext.transform (file:///C:/Users/heman/Agro-connect-prototype/frontend/node_modules/vite/dist/node/chunks/dep-BK3b2jBa.js:36171:11)
      at async PluginContainer.transform (file:///C:/Users/heman/Agro-connect-prototype/frontend/node_modules/vite/dist/node/chunks/dep-BK3b2jBa.js:49099:18)
      at async loadAndTransform (file:///C:/Users/heman/Agro-connect-prototype/frontend/node_modules/vite/dist/node/chunks/dep-BK3b2jBa.js:51978:27)
      at async viteTransformMiddleware (file:///C:/Users/heman/Agro-connect-prototype/frontend/node_modules/vite/dist/node/chunks/dep-BK3b2jBa.js:62106:24)
[2m2:57:13 pm[22m [36m[1m[vite][22m[39m [32mhmr update [39m[2m/src/pages/FPOs.jsx, /src/index.css[22m
[2m2:57:13 pm[22m [31m[1m[vite][22m[39m Pre-transform error: [postcss] C:/Users/heman/Agro-connect-prototype/frontend/src/index.css:7:1: The `border-ink-200` class does not exist. If `border-ink-200` is a custom class, make sure it is defined within a `@layer` directive.
[2m2:57:13 pm[22m [31m[1m[vite][22m[39m [31mInternal server error: [postcss] C:/Users/heman/Agro-connect-prototype/frontend/src/index.css:7:1: The `border-ink-200` class does not exist. If `border-ink-200` is a custom class, make sure it is defined within a `@layer` directive.[39m
  Plugin: [35mvite:css[39m
  File: [36mC:/Users/heman/Agro-connect-prototype/frontend/src/index.css[39m:7:0
[33m  5  |  @import url('https://fonts.googleapis.com/css2?family=Fraunces:opsz,wght@9..144,400;9..144,500;9..144,600;9..144,700&family=Inter:wght@400;500;600;700&display=swap');
  6  |  
  7  |  @tailwind base;
     |  ^
  8  |  @tailwind components;
  9  |  @tailwind utilities;[39m
      at Input.error (C:\Users\heman\Agro-connect-prototype\frontend\node_modules\postcss\lib\input.js:135:16)
      at AtRule.error (C:\Users\heman\Agro-connect-prototype\frontend\node_modules\postcss\lib\node.js:166:32)
      at processApply (C:\Users\heman\Agro-connect-prototype\frontend\node_modules\tailwindcss\lib\lib\expandApplyAtRules.js:380:29)
      at C:\Users\heman\Agro-connect-prototype\frontend\node_modules\tailwindcss\lib\lib\expandApplyAtRules.js:551:9
      at C:\Users\heman\Agro-connect-prototype\frontend\node_modules\tailwindcss\lib\processTailwindFeatures.js:55:50
      at async plugins (C:\Users\heman\Agro-connect-prototype\frontend\node_modules\tailwindcss\lib\plugin.js:38:17)
      at async LazyResult.runAsync (C:\Users\heman\Agro-connect-prototype\frontend\node_modules\postcss\lib\lazy-result.js:299:11)
      at async compileCSS (file:///C:/Users/heman/Agro-connect-prototype/frontend/node_modules/vite/dist/node/chunks/dep-BK3b2jBa.js:36898:21)
      at async TransformPluginContext.transform (file:///C:/Users/heman/Agro-connect-prototype/frontend/node_modules/vite/dist/node/chunks/dep-BK3b2jBa.js:36171:11)
      at async PluginContainer.transform (file:///C:/Users/heman/Agro-connect-prototype/frontend/node_modules/vite/dist/node/chunks/dep-BK3b2jBa.js:49099:18)
      at async loadAndTransform (file:///C:/Users/heman/Agro-connect-prototype/frontend/node_modules/vite/dist/node/chunks/dep-BK3b2jBa.js:51978:27)
      at async viteTransformMiddleware (file:///C:/Users/heman/Agro-connect-prototype/frontend/node_modules/vite/dist/node/chunks/dep-BK3b2jBa.js:62106:24)
[2m2:57:30 pm[22m [36m[1m[vite][22m[39m [32mhmr update [39m[2m/src/pages/BuyerDashboard.jsx, /src/index.css[22m
[2m2:57:30 pm[22m [31m[1m[vite][22m[39m Pre-transform error: [postcss] C:/Users/heman/Agro-connect-prototype/frontend/src/index.css:7:1: The `border-ink-200` class does not exist. If `border-ink-200` is a custom class, make sure it is defined within a `@layer` directive.
[2m2:57:30 pm[22m [31m[1m[vite][22m[39m [31mInternal server error: [postcss] C:/Users/heman/Agro-connect-prototype/frontend/src/index.css:7:1: The `border-ink-200` class does not exist. If `border-ink-200` is a custom class, make sure it is defined within a `@layer` directive.[39m
  Plugin: [35mvite:css[39m
  File: [36mC:/Users/heman/Agro-connect-prototype/frontend/src/index.css[39m:7:0
[33m  5  |  @import url('https://fonts.googleapis.com/css2?family=Fraunces:opsz,wght@9..144,400;9..144,500;9..144,600;9..144,700&family=Inter:wght@400;500;600;700&display=swap');
  6  |  
  7  |  @tailwind base;
     |  ^
  8  |  @tailwind components;
  9  |  @tailwind utilities;[39m
      at Input.error (C:\Users\heman\Agro-connect-prototype\frontend\node_modules\postcss\lib\input.js:135:16)
      at AtRule.error (C:\Users\heman\Agro-connect-prototype\frontend\node_modules\postcss\lib\node.js:166:32)
      at processApply (C:\Users\heman\Agro-connect-prototype\frontend\node_modules\tailwindcss\lib\lib\expandApplyAtRules.js:380:29)
      at C:\Users\heman\Agro-connect-prototype\frontend\node_modules\tailwindcss\lib\lib\expandApplyAtRules.js:551:9
      at C:\Users\heman\Agro-connect-prototype\frontend\node_modules\tailwindcss\lib\processTailwindFeatures.js:55:50
      at async plugins (C:\Users\heman\Agro-connect-prototype\frontend\node_modules\tailwindcss\lib\plugin.js:38:17)
      at async LazyResult.runAsync (C:\Users\heman\Agro-connect-prototype\frontend\node_modules\postcss\lib\lazy-result.js:299:11)
      at async compileCSS (file:///C:/Users/heman/Agro-connect-prototype/frontend/node_modules/vite/dist/node/chunks/dep-BK3b2jBa.js:36898:21)
      at async TransformPluginContext.transform (file:///C:/Users/heman/Agro-connect-prototype/frontend/node_modules/vite/dist/node/chunks/dep-BK3b2jBa.js:36171:11)
      at async PluginContainer.transform (file:///C:/Users/heman/Agro-connect-prototype/frontend/node_modules/vite/dist/node/chunks/dep-BK3b2jBa.js:49099:18)
      at async loadAndTransform (file:///C:/Users/heman/Agro-connect-prototype/frontend/node_modules/vite/dist/node/chunks/dep-BK3b2jBa.js:51978:27)
      at async viteTransformMiddleware (file:///C:/Users/heman/Agro-connect-prototype/frontend/node_modules/vite/dist/node/chunks/dep-BK3b2jBa.js:62106:24)
[2m2:58:01 pm[22m [36m[1m[vite][22m[39m [32mhmr update [39m[2m/src/pages/BuyerDashboard.jsx, /src/index.css[22m
[2m2:58:01 pm[22m [31m[1m[vite][22m[39m Pre-transform error: [postcss] C:/Users/heman/Agro-connect-prototype/frontend/src/index.css:7:1: The `border-ink-200` class does not exist. If `border-ink-200` is a custom class, make sure it is defined within a `@layer` directive.
[2m2:58:01 pm[22m [31m[1m[vite][22m[39m [31mInternal server error: [postcss] C:/Users/heman/Agro-connect-prototype/frontend/src/index.css:7:1: The `border-ink-200` class does not exist. If `border-ink-200` is a custom class, make sure it is defined within a `@layer` directive.[39m
  Plugin: [35mvite:css[39m
  File: [36mC:/Users/heman/Agro-connect-prototype/frontend/src/index.css[39m:7:0
[33m  5  |  @import url('https://fonts.googleapis.com/css2?family=Fraunces:opsz,wght@9..144,400;9..144,500;9..144,600;9..144,700&family=Inter:wght@400;500;600;700&display=swap');
  6  |  
  7  |  @tailwind base;
     |  ^
  8  |  @tailwind components;
  9  |  @tailwind utilities;[39m
      at Input.error (C:\Users\heman\Agro-connect-prototype\frontend\node_modules\postcss\lib\input.js:135:16)
      at AtRule.error (C:\Users\heman\Agro-connect-prototype\frontend\node_modules\postcss\lib\node.js:166:32)
      at processApply (C:\Users\heman\Agro-connect-prototype\frontend\node_modules\tailwindcss\lib\lib\expandApplyAtRules.js:380:29)
      at C:\Users\heman\Agro-connect-prototype\frontend\node_modules\tailwindcss\lib\lib\expandApplyAtRules.js:551:9
      at C:\Users\heman\Agro-connect-prototype\frontend\node_modules\tailwindcss\lib\processTailwindFeatures.js:55:50
      at async plugins (C:\Users\heman\Agro-connect-prototype\frontend\node_modules\tailwindcss\lib\plugin.js:38:17)
      at async LazyResult.runAsync (C:\Users\heman\Agro-connect-prototype\frontend\node_modules\postcss\lib\lazy-result.js:299:11)
      at async compileCSS (file:///C:/Users/heman/Agro-connect-prototype/frontend/node_modules/vite/dist/node/chunks/dep-BK3b2jBa.js:36898:21)
      at async TransformPluginContext.transform (file:///C:/Users/heman/Agro-connect-prototype/frontend/node_modules/vite/dist/node/chunks/dep-BK3b2jBa.js:36171:11)
      at async PluginContainer.transform (file:///C:/Users/heman/Agro-connect-prototype/frontend/node_modules/vite/dist/node/chunks/dep-BK3b2jBa.js:49099:18)
      at async loadAndTransform (file:///C:/Users/heman/Agro-connect-prototype/frontend/node_modules/vite/dist/node/chunks/dep-BK3b2jBa.js:51978:27)
      at async viteTransformMiddleware (file:///C:/Users/heman/Agro-connect-prototype/frontend/node_modules/vite/dist/node/chunks/dep-BK3b2jBa.js:62106:24)
[2m2:58:12 pm[22m [36m[1m[vite][22m[39m [32mpage reload [39m[2msrc/pages/FPODashboard.jsx[22m
[2m2:58:12 pm[22m [31m[1m[vite][22m[39m [31mInternal server error: [postcss] C:/Users/heman/Agro-connect-prototype/frontend/src/index.css:7:1: The `border-ink-200` class does not exist. If `border-ink-200` is a custom class, make sure it is defined within a `@layer` directive.[39m
  Plugin: [35mvite:css[39m
  File: [36mC:/Users/heman/Agro-connect-prototype/frontend/src/index.css[39m:7:0
[33m  5  |  @import url('https://fonts.googleapis.com/css2?family=Fraunces:opsz,wght@9..144,400;9..144,500;9..144,600;9..144,700&family=Inter:wght@400;500;600;700&display=swap');
  6  |  
  7  |  @tailwind base;
     |  ^
  8  |  @tailwind components;
  9  |  @tailwind utilities;[39m
      at Input.error (C:\Users\heman\Agro-connect-prototype\frontend\node_modules\postcss\lib\input.js:135:16)
      at AtRule.error (C:\Users\heman\Agro-connect-prototype\frontend\node_modules\postcss\lib\node.js:166:32)
      at processApply (C:\Users\heman\Agro-connect-prototype\frontend\node_modules\tailwindcss\lib\lib\expandApplyAtRules.js:380:29)
      at C:\Users\heman\Agro-connect-prototype\frontend\node_modules\tailwindcss\lib\lib\expandApplyAtRules.js:551:9
      at C:\Users\heman\Agro-connect-prototype\frontend\node_modules\tailwindcss\lib\processTailwindFeatures.js:55:50
      at async plugins (C:\Users\heman\Agro-connect-prototype\frontend\node_modules\tailwindcss\lib\plugin.js:38:17)
      at async LazyResult.runAsync (C:\Users\heman\Agro-connect-prototype\frontend\node_modules\postcss\lib\lazy-result.js:299:11)
      at async compileCSS (file:///C:/Users/heman/Agro-connect-prototype/frontend/node_modules/vite/dist/node/chunks/dep-BK3b2jBa.js:36898:21)
      at async TransformPluginContext.transform (file:///C:/Users/heman/Agro-connect-prototype/frontend/node_modules/vite/dist/node/chunks/dep-BK3b2jBa.js:36171:11)
      at async PluginContainer.transform (file:///C:/Users/heman/Agro-connect-prototype/frontend/node_modules/vite/dist/node/chunks/dep-BK3b2jBa.js:49099:18)
      at async loadAndTransform (file:///C:/Users/heman/Agro-connect-prototype/frontend/node_modules/vite/dist/node/chunks/dep-BK3b2jBa.js:51978:27)
[2m2:58:12 pm[22m [31m[1m[vite][22m[39m Pre-transform error: [postcss] C:/Users/heman/Agro-connect-prototype/frontend/src/index.css:7:1: The `border-ink-200` class does not exist. If `border-ink-200` is a custom class, make sure it is defined within a `@layer` directive.
[2m2:58:44 pm[22m [36m[1m[vite][22m[39m [32mpage reload [39m[2msrc/pages/FPODashboard.jsx[22m
[2m2:58:44 pm[22m [31m[1m[vite][22m[39m Pre-transform error: [postcss] C:/Users/heman/Agro-connect-prototype/frontend/src/index.css:7:1: The `border-ink-200` class does not exist. If `border-ink-200` is a custom class, make sure it is defined within a `@layer` directive.
[2m2:58:44 pm[22m [31m[1m[vite][22m[39m [31mInternal server error: [postcss] C:/Users/heman/Agro-connect-prototype/frontend/src/index.css:7:1: The `border-ink-200` class does not exist. If `border-ink-200` is a custom class, make sure it is defined within a `@layer` directive.[39m
  Plugin: [35mvite:css[39m
  File: [36mC:/Users/heman/Agro-connect-prototype/frontend/src/index.css[39m:7:0
[33m  5  |  @import url('https://fonts.googleapis.com/css2?family=Fraunces:opsz,wght@9..144,400;9..144,500;9..144,600;9..144,700&family=Inter:wght@400;500;600;700&display=swap');
  6  |  
  7  |  @tailwind base;
     |  ^
  8  |  @tailwind components;
  9  |  @tailwind utilities;[39m
      at Input.error (C:\Users\heman\Agro-connect-prototype\frontend\node_modules\postcss\lib\input.js:135:16)
      at AtRule.error (C:\Users\heman\Agro-connect-prototype\frontend\node_modules\postcss\lib\node.js:166:32)
      at processApply (C:\Users\heman\Agro-connect-prototype\frontend\node_modules\tailwindcss\lib\lib\expandApplyAtRules.js:380:29)
      at C:\Users\heman\Agro-connect-prototype\frontend\node_modules\tailwindcss\lib\lib\expandApplyAtRules.js:551:9
      at C:\Users\heman\Agro-connect-prototype\frontend\node_modules\tailwindcss\lib\processTailwindFeatures.js:55:50
      at async plugins (C:\Users\heman\Agro-connect-prototype\frontend\node_modules\tailwindcss\lib\plugin.js:38:17)
      at async LazyResult.runAsync (C:\Users\heman\Agro-connect-prototype\frontend\node_modules\postcss\lib\lazy-result.js:299:11)
      at async compileCSS (file:///C:/Users/heman/Agro-connect-prototype/frontend/node_modules/vite/dist/node/chunks/dep-BK3b2jBa.js:36898:21)
      at async TransformPluginContext.transform (file:///C:/Users/heman/Agro-connect-prototype/frontend/node_modules/vite/dist/node/chunks/dep-BK3b2jBa.js:36171:11)
      at async PluginContainer.transform (file:///C:/Users/heman/Agro-connect-prototype/frontend/node_modules/vite/dist/node/chunks/dep-BK3b2jBa.js:49099:18)
      at async loadAndTransform (file:///C:/Users/heman/Agro-connect-prototype/frontend/node_modules/vite/dist/node/chunks/dep-BK3b2jBa.js:51978:27)
      at async viteTransformMiddleware (file:///C:/Users/heman/Agro-connect-prototype/frontend/node_modules/vite/dist/node/chunks/dep-BK3b2jBa.js:62106:24)
[2m2:59:02 pm[22m [36m[1m[vite][22m[39m [32mpage reload [39m[2msrc/pages/FPODashboard.jsx[22m
[2m2:59:02 pm[22m [31m[1m[vite][22m[39m Pre-transform error: [postcss] C:/Users/heman/Agro-connect-prototype/frontend/src/index.css:7:1: The `border-ink-200` class does not exist. If `border-ink-200` is a custom class, make sure it is defined within a `@layer` directive.
[2m2:59:02 pm[22m [31m[1m[vite][22m[39m [31mInternal server error: [postcss] C:/Users/heman/Agro-connect-prototype/frontend/src/index.css:7:1: The `border-ink-200` class does not exist. If `border-ink-200` is a custom class, make sure it is defined within a `@layer` directive.[39m
  Plugin: [35mvite:css[39m
  File: [36mC:/Users/heman/Agro-connect-prototype/frontend/src/index.css[39m:7:0
[33m  5  |  @import url('https://fonts.googleapis.com/css2?family=Fraunces:opsz,wght@9..144,400;9..144,500;9..144,600;9..144,700&family=Inter:wght@400;500;600;700&display=swap');
  6  |  
  7  |  @tailwind base;
     |  ^
  8  |  @tailwind components;
  9  |  @tailwind utilities;[39m
      at Input.error (C:\Users\heman\Agro-connect-prototype\frontend\node_modules\postcss\lib\input.js:135:16)
      at AtRule.error (C:\Users\heman\Agro-connect-prototype\frontend\node_modules\postcss\lib\node.js:166:32)
      at processApply (C:\Users\heman\Agro-connect-prototype\frontend\node_modules\tailwindcss\lib\lib\expandApplyAtRules.js:380:29)
      at C:\Users\heman\Agro-connect-prototype\frontend\node_modules\tailwindcss\lib\lib\expandApplyAtRules.js:551:9
      at C:\Users\heman\Agro-connect-prototype\frontend\node_modules\tailwindcss\lib\processTailwindFeatures.js:55:50
      at async plugins (C:\Users\heman\Agro-connect-prototype\frontend\node_modules\tailwindcss\lib\plugin.js:38:17)
      at async LazyResult.runAsync (C:\Users\heman\Agro-connect-prototype\frontend\node_modules\postcss\lib\lazy-result.js:299:11)
      at async compileCSS (file:///C:/Users/heman/Agro-connect-prototype/frontend/node_modules/vite/dist/node/chunks/dep-BK3b2jBa.js:36898:21)
      at async TransformPluginContext.transform (file:///C:/Users/heman/Agro-connect-prototype/frontend/node_modules/vite/dist/node/chunks/dep-BK3b2jBa.js:36171:11)
      at async PluginContainer.transform (file:///C:/Users/heman/Agro-connect-prototype/frontend/node_modules/vite/dist/node/chunks/dep-BK3b2jBa.js:49099:18)
      at async loadAndTransform (file:///C:/Users/heman/Agro-connect-prototype/frontend/node_modules/vite/dist/node/chunks/dep-BK3b2jBa.js:51978:27)
      at async viteTransformMiddleware (file:///C:/Users/heman/Agro-connect-prototype/frontend/node_modules/vite/dist/node/chunks/dep-BK3b2jBa.js:62106:24)
[2m2:59:10 pm[22m [36m[1m[vite][22m[39m [32mpage reload [39m[2msrc/pages/FPODashboard.jsx[22m
[2m2:59:10 pm[22m [31m[1m[vite][22m[39m [31mInternal server error: [postcss] C:/Users/heman/Agro-connect-prototype/frontend/src/index.css:7:1: The `border-ink-200` class does not exist. If `border-ink-200` is a custom class, make sure it is defined within a `@layer` directive.[39m
  Plugin: [35mvite:css[39m
  File: [36mC:/Users/heman/Agro-connect-prototype/frontend/src/index.css[39m:7:0
[33m  5  |  @import url('https://fonts.googleapis.com/css2?family=Fraunces:opsz,wght@9..144,400;9..144,500;9..144,600;9..144,700&family=Inter:wght@400;500;600;700&display=swap');
  6  |  
  7  |  @tailwind base;
     |  ^
  8  |  @tailwind components;
  9  |  @tailwind utilities;[39m
      at Input.error (C:\Users\heman\Agro-connect-prototype\frontend\node_modules\postcss\lib\input.js:135:16)
      at AtRule.error (C:\Users\heman\Agro-connect-prototype\frontend\node_modules\postcss\lib\node.js:166:32)
      at processApply (C:\Users\heman\Agro-connect-prototype\frontend\node_modules\tailwindcss\lib\lib\expandApplyAtRules.js:380:29)
      at C:\Users\heman\Agro-connect-prototype\frontend\node_modules\tailwindcss\lib\lib\expandApplyAtRules.js:551:9
      at C:\Users\heman\Agro-connect-prototype\frontend\node_modules\tailwindcss\lib\processTailwindFeatures.js:55:50
      at async plugins (C:\Users\heman\Agro-connect-prototype\frontend\node_modules\tailwindcss\lib\plugin.js:38:17)
      at async LazyResult.runAsync (C:\Users\heman\Agro-connect-prototype\frontend\node_modules\postcss\lib\lazy-result.js:299:11)
      at async compileCSS (file:///C:/Users/heman/Agro-connect-prototype/frontend/node_modules/vite/dist/node/chunks/dep-BK3b2jBa.js:36898:21)
      at async TransformPluginContext.transform (file:///C:/Users/heman/Agro-connect-prototype/frontend/node_modules/vite/dist/node/chunks/dep-BK3b2jBa.js:36171:11)
      at async PluginContainer.transform (file:///C:/Users/heman/Agro-connect-prototype/frontend/node_modules/vite/dist/node/chunks/dep-BK3b2jBa.js:49099:18)
      at async loadAndTransform (file:///C:/Users/heman/Agro-connect-prototype/frontend/node_modules/vite/dist/node/chunks/dep-BK3b2jBa.js:51978:27)
[2m2:59:10 pm[22m [31m[1m[vite][22m[39m Pre-transform error: [postcss] C:/Users/heman/Agro-connect-prototype/frontend/src/index.css:7:1: The `border-ink-200` class does not exist. If `border-ink-200` is a custom class, make sure it is defined within a `@layer` directive.
[2m2:59:21 pm[22m [36m[1m[vite][22m[39m [32mhmr update [39m[2m/src/pages/Login.jsx, /src/index.css[22m
[2m2:59:21 pm[22m [31m[1m[vite][22m[39m [31mInternal server error: [postcss] C:/Users/heman/Agro-connect-prototype/frontend/src/index.css:7:1: The `border-ink-200` class does not exist. If `border-ink-200` is a custom class, make sure it is defined within a `@layer` directive.[39m
  Plugin: [35mvite:css[39m
  File: [36mC:/Users/heman/Agro-connect-prototype/frontend/src/index.css[39m:7:0
[33m  5  |  @import url('https://fonts.googleapis.com/css2?family=Fraunces:opsz,wght@9..144,400;9..144,500;9..144,600;9..144,700&family=Inter:wght@400;500;600;700&display=swap');
  6  |  
  7  |  @tailwind base;
     |  ^
  8  |  @tailwind components;
  9  |  @tailwind utilities;[39m
      at Input.error (C:\Users\heman\Agro-connect-prototype\frontend\node_modules\postcss\lib\input.js:135:16)
      at AtRule.error (C:\Users\heman\Agro-connect-prototype\frontend\node_modules\postcss\lib\node.js:166:32)
      at processApply (C:\Users\heman\Agro-connect-prototype\frontend\node_modules\tailwindcss\lib\lib\expandApplyAtRules.js:380:29)
      at C:\Users\heman\Agro-connect-prototype\frontend\node_modules\tailwindcss\lib\lib\expandApplyAtRules.js:551:9
      at C:\Users\heman\Agro-connect-prototype\frontend\node_modules\tailwindcss\lib\processTailwindFeatures.js:55:50
      at async plugins (C:\Users\heman\Agro-connect-prototype\frontend\node_modules\tailwindcss\lib\plugin.js:38:17)
      at async LazyResult.runAsync (C:\Users\heman\Agro-connect-prototype\frontend\node_modules\postcss\lib\lazy-result.js:299:11)
      at async compileCSS (file:///C:/Users/heman/Agro-connect-prototype/frontend/node_modules/vite/dist/node/chunks/dep-BK3b2jBa.js:36898:21)
      at async TransformPluginContext.transform (file:///C:/Users/heman/Agro-connect-prototype/frontend/node_modules/vite/dist/node/chunks/dep-BK3b2jBa.js:36171:11)
      at async PluginContainer.transform (file:///C:/Users/heman/Agro-connect-prototype/frontend/node_modules/vite/dist/node/chunks/dep-BK3b2jBa.js:49099:18)
      at async loadAndTransform (file:///C:/Users/heman/Agro-connect-prototype/frontend/node_modules/vite/dist/node/chunks/dep-BK3b2jBa.js:51978:27)
[2m2:59:21 pm[22m [31m[1m[vite][22m[39m Pre-transform error: [postcss] C:/Users/heman/Agro-connect-prototype/frontend/src/index.css:7:1: The `border-ink-200` class does not exist. If `border-ink-200` is a custom class, make sure it is defined within a `@layer` directive.
[2m2:59:30 pm[22m [36m[1m[vite][22m[39m [32mhmr update [39m[2m/src/pages/Login.jsx, /src/index.css[22m
[2m2:59:30 pm[22m [31m[1m[vite][22m[39m Pre-transform error: [postcss] C:/Users/heman/Agro-connect-prototype/frontend/src/index.css:7:1: The `border-ink-200` class does not exist. If `border-ink-200` is a custom class, make sure it is defined within a `@layer` directive.
[2m2:59:30 pm[22m [31m[1m[vite][22m[39m [31mInternal server error: [postcss] C:/Users/heman/Agro-connect-prototype/frontend/src/index.css:7:1: The `border-ink-200` class does not exist. If `border-ink-200` is a custom class, make sure it is defined within a `@layer` directive.[39m
  Plugin: [35mvite:css[39m
  File: [36mC:/Users/heman/Agro-connect-prototype/frontend/src/index.css[39m:7:0
[33m  5  |  @import url('https://fonts.googleapis.com/css2?family=Fraunces:opsz,wght@9..144,400;9..144,500;9..144,600;9..144,700&family=Inter:wght@400;500;600;700&display=swap');
  6  |  
  7  |  @tailwind base;
     |  ^
  8  |  @tailwind components;
  9  |  @tailwind utilities;[39m
      at Input.error (C:\Users\heman\Agro-connect-prototype\frontend\node_modules\postcss\lib\input.js:135:16)
      at AtRule.error (C:\Users\heman\Agro-connect-prototype\frontend\node_modules\postcss\lib\node.js:166:32)
      at processApply (C:\Users\heman\Agro-connect-prototype\frontend\node_modules\tailwindcss\lib\lib\expandApplyAtRules.js:380:29)
      at C:\Users\heman\Agro-connect-prototype\frontend\node_modules\tailwindcss\lib\lib\expandApplyAtRules.js:551:9
      at C:\Users\heman\Agro-connect-prototype\frontend\node_modules\tailwindcss\lib\processTailwindFeatures.js:55:50
      at async plugins (C:\Users\heman\Agro-connect-prototype\frontend\node_modules\tailwindcss\lib\plugin.js:38:17)
      at async LazyResult.runAsync (C:\Users\heman\Agro-connect-prototype\frontend\node_modules\postcss\lib\lazy-result.js:299:11)
      at async compileCSS (file:///C:/Users/heman/Agro-connect-prototype/frontend/node_modules/vite/dist/node/chunks/dep-BK3b2jBa.js:36898:21)
      at async TransformPluginContext.transform (file:///C:/Users/heman/Agro-connect-prototype/frontend/node_modules/vite/dist/node/chunks/dep-BK3b2jBa.js:36171:11)
      at async PluginContainer.transform (file:///C:/Users/heman/Agro-connect-prototype/frontend/node_modules/vite/dist/node/chunks/dep-BK3b2jBa.js:49099:18)
      at async loadAndTransform (file:///C:/Users/heman/Agro-connect-prototype/frontend/node_modules/vite/dist/node/chunks/dep-BK3b2jBa.js:51978:27)
      at async viteTransformMiddleware (file:///C:/Users/heman/Agro-connect-prototype/frontend/node_modules/vite/dist/node/chunks/dep-BK3b2jBa.js:62106:24)
[2m2:59:44 pm[22m [36m[1m[vite][22m[39m [32mhmr update [39m[2m/src/pages/Login.jsx, /src/index.css[22m
[2m2:59:44 pm[22m [31m[1m[vite][22m[39m Pre-transform error: [postcss] C:/Users/heman/Agro-connect-prototype/frontend/src/index.css:7:1: The `border-ink-200` class does not exist. If `border-ink-200` is a custom class, make sure it is defined within a `@layer` directive.
[2m2:59:44 pm[22m [31m[1m[vite][22m[39m [31mInternal server error: [postcss] C:/Users/heman/Agro-connect-prototype/frontend/src/index.css:7:1: The `border-ink-200` class does not exist. If `border-ink-200` is a custom class, make sure it is defined within a `@layer` directive.[39m
  Plugin: [35mvite:css[39m
  File: [36mC:/Users/heman/Agro-connect-prototype/frontend/src/index.css[39m:7:0
[33m  5  |  @import url('https://fonts.googleapis.com/css2?family=Fraunces:opsz,wght@9..144,400;9..144,500;9..144,600;9..144,700&family=Inter:wght@400;500;600;700&display=swap');
  6  |  
  7  |  @tailwind base;
     |  ^
  8  |  @tailwind components;
  9  |  @tailwind utilities;[39m
      at Input.error (C:\Users\heman\Agro-connect-prototype\frontend\node_modules\postcss\lib\input.js:135:16)
      at AtRule.error (C:\Users\heman\Agro-connect-prototype\frontend\node_modules\postcss\lib\node.js:166:32)
      at processApply (C:\Users\heman\Agro-connect-prototype\frontend\node_modules\tailwindcss\lib\lib\expandApplyAtRules.js:380:29)
      at C:\Users\heman\Agro-connect-prototype\frontend\node_modules\tailwindcss\lib\lib\expandApplyAtRules.js:551:9
      at C:\Users\heman\Agro-connect-prototype\frontend\node_modules\tailwindcss\lib\processTailwindFeatures.js:55:50
      at async plugins (C:\Users\heman\Agro-connect-prototype\frontend\node_modules\tailwindcss\lib\plugin.js:38:17)
      at async LazyResult.runAsync (C:\Users\heman\Agro-connect-prototype\frontend\node_modules\postcss\lib\lazy-result.js:299:11)
      at async compileCSS (file:///C:/Users/heman/Agro-connect-prototype/frontend/node_modules/vite/dist/node/chunks/dep-BK3b2jBa.js:36898:21)
      at async TransformPluginContext.transform (file:///C:/Users/heman/Agro-connect-prototype/frontend/node_modules/vite/dist/node/chunks/dep-BK3b2jBa.js:36171:11)
      at async PluginContainer.transform (file:///C:/Users/heman/Agro-connect-prototype/frontend/node_modules/vite/dist/node/chunks/dep-BK3b2jBa.js:49099:18)
      at async loadAndTransform (file:///C:/Users/heman/Agro-connect-prototype/frontend/node_modules/vite/dist/node/chunks/dep-BK3b2jBa.js:51978:27)
      at async viteTransformMiddleware (file:///C:/Users/heman/Agro-connect-prototype/frontend/node_modules/vite/dist/node/chunks/dep-BK3b2jBa.js:62106:24)
[2m2:59:49 pm[22m [36m[1m[vite][22m[39m [32mhmr update [39m[2m/src/pages/Login.jsx, /src/index.css[22m
[2m2:59:49 pm[22m [31m[1m[vite][22m[39m Pre-transform error: [postcss] C:/Users/heman/Agro-connect-prototype/frontend/src/index.css:7:1: The `border-ink-200` class does not exist. If `border-ink-200` is a custom class, make sure it is defined within a `@layer` directive.
[2m2:59:49 pm[22m [31m[1m[vite][22m[39m [31mInternal server error: [postcss] C:/Users/heman/Agro-connect-prototype/frontend/src/index.css:7:1: The `border-ink-200` class does not exist. If `border-ink-200` is a custom class, make sure it is defined within a `@layer` directive.[39m
  Plugin: [35mvite:css[39m
  File: [36mC:/Users/heman/Agro-connect-prototype/frontend/src/index.css[39m:7:0
[33m  5  |  @import url('https://fonts.googleapis.com/css2?family=Fraunces:opsz,wght@9..144,400;9..144,500;9..144,600;9..144,700&family=Inter:wght@400;500;600;700&display=swap');
  6  |  
  7  |  @tailwind base;
     |  ^
  8  |  @tailwind components;
  9  |  @tailwind utilities;[39m
      at Input.error (C:\Users\heman\Agro-connect-prototype\frontend\node_modules\postcss\lib\input.js:135:16)
      at AtRule.error (C:\Users\heman\Agro-connect-prototype\frontend\node_modules\postcss\lib\node.js:166:32)
      at processApply (C:\Users\heman\Agro-connect-prototype\frontend\node_modules\tailwindcss\lib\lib\expandApplyAtRules.js:380:29)
      at C:\Users\heman\Agro-connect-prototype\frontend\node_modules\tailwindcss\lib\lib\expandApplyAtRules.js:551:9
      at C:\Users\heman\Agro-connect-prototype\frontend\node_modules\tailwindcss\lib\processTailwindFeatures.js:55:50
      at async plugins (C:\Users\heman\Agro-connect-prototype\frontend\node_modules\tailwindcss\lib\plugin.js:38:17)
      at async LazyResult.runAsync (C:\Users\heman\Agro-connect-prototype\frontend\node_modules\postcss\lib\lazy-result.js:299:11)
      at async compileCSS (file:///C:/Users/heman/Agro-connect-prototype/frontend/node_modules/vite/dist/node/chunks/dep-BK3b2jBa.js:36898:21)
      at async TransformPluginContext.transform (file:///C:/Users/heman/Agro-connect-prototype/frontend/node_modules/vite/dist/node/chunks/dep-BK3b2jBa.js:36171:11)
      at async PluginContainer.transform (file:///C:/Users/heman/Agro-connect-prototype/frontend/node_modules/vite/dist/node/chunks/dep-BK3b2jBa.js:49099:18)
      at async loadAndTransform (file:///C:/Users/heman/Agro-connect-prototype/frontend/node_modules/vite/dist/node/chunks/dep-BK3b2jBa.js:51978:27)
      at async viteTransformMiddleware (file:///C:/Users/heman/Agro-connect-prototype/frontend/node_modules/vite/dist/node/chunks/dep-BK3b2jBa.js:62106:24)
[2m3:00:10 pm[22m [36m[1m[vite][22m[39m [32mhmr update [39m[2m/src/pages/Buyers.jsx, /src/index.css[22m
[2m3:00:10 pm[22m [31m[1m[vite][22m[39m [31mInternal server error: [postcss] C:/Users/heman/Agro-connect-prototype/frontend/src/index.css:7:1: The `border-ink-200` class does not exist. If `border-ink-200` is a custom class, make sure it is defined within a `@layer` directive.[39m
  Plugin: [35mvite:css[39m
  File: [36mC:/Users/heman/Agro-connect-prototype/frontend/src/index.css[39m:7:0
[33m  5  |  @import url('https://fonts.googleapis.com/css2?family=Fraunces:opsz,wght@9..144,400;9..144,500;9..144,600;9..144,700&family=Inter:wght@400;500;600;700&display=swap');
  6  |  
  7  |  @tailwind base;
     |  ^
  8  |  @tailwind components;
  9  |  @tailwind utilities;[39m
      at Input.error (C:\Users\heman\Agro-connect-prototype\frontend\node_modules\postcss\lib\input.js:135:16)
      at AtRule.error (C:\Users\heman\Agro-connect-prototype\frontend\node_modules\postcss\lib\node.js:166:32)
      at processApply (C:\Users\heman\Agro-connect-prototype\frontend\node_modules\tailwindcss\lib\lib\expandApplyAtRules.js:380:29)
      at C:\Users\heman\Agro-connect-prototype\frontend\node_modules\tailwindcss\lib\lib\expandApplyAtRules.js:551:9
      at C:\Users\heman\Agro-connect-prototype\frontend\node_modules\tailwindcss\lib\processTailwindFeatures.js:55:50
      at async plugins (C:\Users\heman\Agro-connect-prototype\frontend\node_modules\tailwindcss\lib\plugin.js:38:17)
      at async LazyResult.runAsync (C:\Users\heman\Agro-connect-prototype\frontend\node_modules\postcss\lib\lazy-result.js:299:11)
      at async compileCSS (file:///C:/Users/heman/Agro-connect-prototype/frontend/node_modules/vite/dist/node/chunks/dep-BK3b2jBa.js:36898:21)
      at async TransformPluginContext.transform (file:///C:/Users/heman/Agro-connect-prototype/frontend/node_modules/vite/dist/node/chunks/dep-BK3b2jBa.js:36171:11)
      at async PluginContainer.transform (file:///C:/Users/heman/Agro-connect-prototype/frontend/node_modules/vite/dist/node/chunks/dep-BK3b2jBa.js:49099:18)
      at async loadAndTransform (file:///C:/Users/heman/Agro-connect-prototype/frontend/node_modules/vite/dist/node/chunks/dep-BK3b2jBa.js:51978:27)
[2m3:00:10 pm[22m [31m[1m[vite][22m[39m Pre-transform error: [postcss] C:/Users/heman/Agro-connect-prototype/frontend/src/index.css:7:1: The `border-ink-200` class does not exist. If `border-ink-200` is a custom class, make sure it is defined within a `@layer` directive.
[2m3:00:16 pm[22m [36m[1m[vite][22m[39m [32mhmr update [39m[2m/src/pages/Buyers.jsx, /src/index.css[22m
[2m3:00:16 pm[22m [31m[1m[vite][22m[39m [31mInternal server error: [postcss] C:/Users/heman/Agro-connect-prototype/frontend/src/index.css:7:1: The `border-ink-200` class does not exist. If `border-ink-200` is a custom class, make sure it is defined within a `@layer` directive.[39m
  Plugin: [35mvite:css[39m
  File: [36mC:/Users/heman/Agro-connect-prototype/frontend/src/index.css[39m:7:0
[33m  5  |  @import url('https://fonts.googleapis.com/css2?family=Fraunces:opsz,wght@9..144,400;9..144,500;9..144,600;9..144,700&family=Inter:wght@400;500;600;700&display=swap');
  6  |  
  7  |  @tailwind base;
     |  ^
  8  |  @tailwind components;
  9  |  @tailwind utilities;[39m
      at Input.error (C:\Users\heman\Agro-connect-prototype\frontend\node_modules\postcss\lib\input.js:135:16)
      at AtRule.error (C:\Users\heman\Agro-connect-prototype\frontend\node_modules\postcss\lib\node.js:166:32)
      at processApply (C:\Users\heman\Agro-connect-prototype\frontend\node_modules\tailwindcss\lib\lib\expandApplyAtRules.js:380:29)
      at C:\Users\heman\Agro-connect-prototype\frontend\node_modules\tailwindcss\lib\lib\expandApplyAtRules.js:551:9
      at C:\Users\heman\Agro-connect-prototype\frontend\node_modules\tailwindcss\lib\processTailwindFeatures.js:55:50
      at async plugins (C:\Users\heman\Agro-connect-prototype\frontend\node_modules\tailwindcss\lib\plugin.js:38:17)
      at async LazyResult.runAsync (C:\Users\heman\Agro-connect-prototype\frontend\node_modules\postcss\lib\lazy-result.js:299:11)
      at async compileCSS (file:///C:/Users/heman/Agro-connect-prototype/frontend/node_modules/vite/dist/node/chunks/dep-BK3b2jBa.js:36898:21)
      at async TransformPluginContext.transform (file:///C:/Users/heman/Agro-connect-prototype/frontend/node_modules/vite/dist/node/chunks/dep-BK3b2jBa.js:36171:11)
      at async PluginContainer.transform (file:///C:/Users/heman/Agro-connect-prototype/frontend/node_modules/vite/dist/node/chunks/dep-BK3b2jBa.js:49099:18)
      at async loadAndTransform (file:///C:/Users/heman/Agro-connect-prototype/frontend/node_modules/vite/dist/node/chunks/dep-BK3b2jBa.js:51978:27)
[2m3:00:16 pm[22m [31m[1m[vite][22m[39m Pre-transform error: [postcss] C:/Users/heman/Agro-connect-prototype/frontend/src/index.css:7:1: The `border-ink-200` class does not exist. If `border-ink-200` is a custom class, make sure it is defined within a `@layer` directive.
[2m3:00:38 pm[22m [36m[1m[vite][22m[39m [32mhmr update [39m[2m/src/pages/Buyers.jsx, /src/index.css[22m
[2m3:00:39 pm[22m [31m[1m[vite][22m[39m [31mInternal server error: [postcss] C:/Users/heman/Agro-connect-prototype/frontend/src/index.css:7:1: The `border-ink-200` class does not exist. If `border-ink-200` is a custom class, make sure it is defined within a `@layer` directive.[39m
  Plugin: [35mvite:css[39m
  File: [36mC:/Users/heman/Agro-connect-prototype/frontend/src/index.css[39m:7:0
[33m  5  |  @import url('https://fonts.googleapis.com/css2?family=Fraunces:opsz,wght@9..144,400;9..144,500;9..144,600;9..144,700&family=Inter:wght@400;500;600;700&display=swap');
  6  |  
  7  |  @tailwind base;
     |  ^
  8  |  @tailwind components;
  9  |  @tailwind utilities;[39m
      at Input.error (C:\Users\heman\Agro-connect-prototype\frontend\node_modules\postcss\lib\input.js:135:16)
      at AtRule.error (C:\Users\heman\Agro-connect-prototype\frontend\node_modules\postcss\lib\node.js:166:32)
      at processApply (C:\Users\heman\Agro-connect-prototype\frontend\node_modules\tailwindcss\lib\lib\expandApplyAtRules.js:380:29)
      at C:\Users\heman\Agro-connect-prototype\frontend\node_modules\tailwindcss\lib\lib\expandApplyAtRules.js:551:9
      at C:\Users\heman\Agro-connect-prototype\frontend\node_modules\tailwindcss\lib\processTailwindFeatures.js:55:50
      at async plugins (C:\Users\heman\Agro-connect-prototype\frontend\node_modules\tailwindcss\lib\plugin.js:38:17)
      at async LazyResult.runAsync (C:\Users\heman\Agro-connect-prototype\frontend\node_modules\postcss\lib\lazy-result.js:299:11)
      at async compileCSS (file:///C:/Users/heman/Agro-connect-prototype/frontend/node_modules/vite/dist/node/chunks/dep-BK3b2jBa.js:36898:21)
      at async TransformPluginContext.transform (file:///C:/Users/heman/Agro-connect-prototype/frontend/node_modules/vite/dist/node/chunks/dep-BK3b2jBa.js:36171:11)
      at async PluginContainer.transform (file:///C:/Users/heman/Agro-connect-prototype/frontend/node_modules/vite/dist/node/chunks/dep-BK3b2jBa.js:49099:18)
      at async loadAndTransform (file:///C:/Users/heman/Agro-connect-prototype/frontend/node_modules/vite/dist/node/chunks/dep-BK3b2jBa.js:51978:27)
[2m3:00:39 pm[22m [31m[1m[vite][22m[39m Pre-transform error: [postcss] C:/Users/heman/Agro-connect-prototype/frontend/src/index.css:7:1: The `border-ink-200` class does not exist. If `border-ink-200` is a custom class, make sure it is defined within a `@layer` directive.
[2m3:00:52 pm[22m [36m[1m[vite][22m[39m [32mhmr update [39m[2m/src/pages/Register.jsx, /src/index.css[22m
[2m3:00:52 pm[22m [31m[1m[vite][22m[39m Pre-transform error: [postcss] C:/Users/heman/Agro-connect-prototype/frontend/src/index.css:7:1: The `border-ink-200` class does not exist. If `border-ink-200` is a custom class, make sure it is defined within a `@layer` directive.
[2m3:00:52 pm[22m [31m[1m[vite][22m[39m [31mInternal server error: [postcss] C:/Users/heman/Agro-connect-prototype/frontend/src/index.css:7:1: The `border-ink-200` class does not exist. If `border-ink-200` is a custom class, make sure it is defined within a `@layer` directive.[39m
  Plugin: [35mvite:css[39m
  File: [36mC:/Users/heman/Agro-connect-prototype/frontend/src/index.css[39m:7:0
[33m  5  |  @import url('https://fonts.googleapis.com/css2?family=Fraunces:opsz,wght@9..144,400;9..144,500;9..144,600;9..144,700&family=Inter:wght@400;500;600;700&display=swap');
  6  |  
  7  |  @tailwind base;
     |  ^
  8  |  @tailwind components;
  9  |  @tailwind utilities;[39m
      at Input.error (C:\Users\heman\Agro-connect-prototype\frontend\node_modules\postcss\lib\input.js:135:16)
      at AtRule.error (C:\Users\heman\Agro-connect-prototype\frontend\node_modules\postcss\lib\node.js:166:32)
      at processApply (C:\Users\heman\Agro-connect-prototype\frontend\node_modules\tailwindcss\lib\lib\expandApplyAtRules.js:380:29)
      at C:\Users\heman\Agro-connect-prototype\frontend\node_modules\tailwindcss\lib\lib\expandApplyAtRules.js:551:9
      at C:\Users\heman\Agro-connect-prototype\frontend\node_modules\tailwindcss\lib\processTailwindFeatures.js:55:50
      at async plugins (C:\Users\heman\Agro-connect-prototype\frontend\node_modules\tailwindcss\lib\plugin.js:38:17)
      at async LazyResult.runAsync (C:\Users\heman\Agro-connect-prototype\frontend\node_modules\postcss\lib\lazy-result.js:299:11)
      at async compileCSS (file:///C:/Users/heman/Agro-connect-prototype/frontend/node_modules/vite/dist/node/chunks/dep-BK3b2jBa.js:36898:21)
      at async TransformPluginContext.transform (file:///C:/Users/heman/Agro-connect-prototype/frontend/node_modules/vite/dist/node/chunks/dep-BK3b2jBa.js:36171:11)
      at async PluginContainer.transform (file:///C:/Users/heman/Agro-connect-prototype/frontend/node_modules/vite/dist/node/chunks/dep-BK3b2jBa.js:49099:18)
      at async loadAndTransform (file:///C:/Users/heman/Agro-connect-prototype/frontend/node_modules/vite/dist/node/chunks/dep-BK3b2jBa.js:51978:27)
      at async viteTransformMiddleware (file:///C:/Users/heman/Agro-connect-prototype/frontend/node_modules/vite/dist/node/chunks/dep-BK3b2jBa.js:62106:24)
[2m3:01:03 pm[22m [36m[1m[vite][22m[39m [32mhmr update [39m[2m/src/pages/RoleSelect.jsx, /src/index.css[22m
[2m3:01:03 pm[22m [31m[1m[vite][22m[39m Pre-transform error: [postcss] C:/Users/heman/Agro-connect-prototype/frontend/src/index.css:7:1: The `border-ink-200` class does not exist. If `border-ink-200` is a custom class, make sure it is defined within a `@layer` directive.
[2m3:01:03 pm[22m [31m[1m[vite][22m[39m [31mInternal server error: [postcss] C:/Users/heman/Agro-connect-prototype/frontend/src/index.css:7:1: The `border-ink-200` class does not exist. If `border-ink-200` is a custom class, make sure it is defined within a `@layer` directive.[39m
  Plugin: [35mvite:css[39m
  File: [36mC:/Users/heman/Agro-connect-prototype/frontend/src/index.css[39m:7:0
[33m  5  |  @import url('https://fonts.googleapis.com/css2?family=Fraunces:opsz,wght@9..144,400;9..144,500;9..144,600;9..144,700&family=Inter:wght@400;500;600;700&display=swap');
  6  |  
  7  |  @tailwind base;
     |  ^
  8  |  @tailwind components;
  9  |  @tailwind utilities;[39m
      at Input.error (C:\Users\heman\Agro-connect-prototype\frontend\node_modules\postcss\lib\input.js:135:16)
      at AtRule.error (C:\Users\heman\Agro-connect-prototype\frontend\node_modules\postcss\lib\node.js:166:32)
      at processApply (C:\Users\heman\Agro-connect-prototype\frontend\node_modules\tailwindcss\lib\lib\expandApplyAtRules.js:380:29)
      at C:\Users\heman\Agro-connect-prototype\frontend\node_modules\tailwindcss\lib\lib\expandApplyAtRules.js:551:9
      at C:\Users\heman\Agro-connect-prototype\frontend\node_modules\tailwindcss\lib\processTailwindFeatures.js:55:50
      at async plugins (C:\Users\heman\Agro-connect-prototype\frontend\node_modules\tailwindcss\lib\plugin.js:38:17)
      at async LazyResult.runAsync (C:\Users\heman\Agro-connect-prototype\frontend\node_modules\postcss\lib\lazy-result.js:299:11)
      at async compileCSS (file:///C:/Users/heman/Agro-connect-prototype/frontend/node_modules/vite/dist/node/chunks/dep-BK3b2jBa.js:36898:21)
      at async TransformPluginContext.transform (file:///C:/Users/heman/Agro-connect-prototype/frontend/node_modules/vite/dist/node/chunks/dep-BK3b2jBa.js:36171:11)
      at async PluginContainer.transform (file:///C:/Users/heman/Agro-connect-prototype/frontend/node_modules/vite/dist/node/chunks/dep-BK3b2jBa.js:49099:18)
      at async loadAndTransform (file:///C:/Users/heman/Agro-connect-prototype/frontend/node_modules/vite/dist/node/chunks/dep-BK3b2jBa.js:51978:27)
      at async viteTransformMiddleware (file:///C:/Users/heman/Agro-connect-prototype/frontend/node_modules/vite/dist/node/chunks/dep-BK3b2jBa.js:62106:24)
[2m3:01:12 pm[22m [36m[1m[vite][22m[39m [32mhmr update [39m[2m/src/pages/RoleSelect.jsx, /src/index.css[22m
[2m3:01:12 pm[22m [31m[1m[vite][22m[39m [31mInternal server error: [postcss] C:/Users/heman/Agro-connect-prototype/frontend/src/index.css:7:1: The `border-ink-200` class does not exist. If `border-ink-200` is a custom class, make sure it is defined within a `@layer` directive.[39m
  Plugin: [35mvite:css[39m
  File: [36mC:/Users/heman/Agro-connect-prototype/frontend/src/index.css[39m:7:0
[33m  5  |  @import url('https://fonts.googleapis.com/css2?family=Fraunces:opsz,wght@9..144,400;9..144,500;9..144,600;9..144,700&family=Inter:wght@400;500;600;700&display=swap');
  6  |  
  7  |  @tailwind base;
     |  ^
  8  |  @tailwind components;
  9  |  @tailwind utilities;[39m
      at Input.error (C:\Users\heman\Agro-connect-prototype\frontend\node_modules\postcss\lib\input.js:135:16)
      at AtRule.error (C:\Users\heman\Agro-connect-prototype\frontend\node_modules\postcss\lib\node.js:166:32)
      at processApply (C:\Users\heman\Agro-connect-prototype\frontend\node_modules\tailwindcss\lib\lib\expandApplyAtRules.js:380:29)
      at C:\Users\heman\Agro-connect-prototype\frontend\node_modules\tailwindcss\lib\lib\expandApplyAtRules.js:551:9
      at C:\Users\heman\Agro-connect-prototype\frontend\node_modules\tailwindcss\lib\processTailwindFeatures.js:55:50
      at async plugins (C:\Users\heman\Agro-connect-prototype\frontend\node_modules\tailwindcss\lib\plugin.js:38:17)
      at async LazyResult.runAsync (C:\Users\heman\Agro-connect-prototype\frontend\node_modules\postcss\lib\lazy-result.js:299:11)
      at async compileCSS (file:///C:/Users/heman/Agro-connect-prototype/frontend/node_modules/vite/dist/node/chunks/dep-BK3b2jBa.js:36898:21)
      at async TransformPluginContext.transform (file:///C:/Users/heman/Agro-connect-prototype/frontend/node_modules/vite/dist/node/chunks/dep-BK3b2jBa.js:36171:11)
      at async PluginContainer.transform (file:///C:/Users/heman/Agro-connect-prototype/frontend/node_modules/vite/dist/node/chunks/dep-BK3b2jBa.js:49099:18)
      at async loadAndTransform (file:///C:/Users/heman/Agro-connect-prototype/frontend/node_modules/vite/dist/node/chunks/dep-BK3b2jBa.js:51978:27)
[2m3:01:12 pm[22m [31m[1m[vite][22m[39m Pre-transform error: [postcss] C:/Users/heman/Agro-connect-prototype/frontend/src/index.css:7:1: The `border-ink-200` class does not exist. If `border-ink-200` is a custom class, make sure it is defined within a `@layer` directive.
[2m3:01:31 pm[22m [36m[1m[vite][22m[39m [32mhmr update [39m[2m/src/pages/RoleSelect.jsx, /src/index.css[22m
[2m3:01:31 pm[22m [31m[1m[vite][22m[39m Pre-transform error: [postcss] C:/Users/heman/Agro-connect-prototype/frontend/src/index.css:7:1: The `border-ink-200` class does not exist. If `border-ink-200` is a custom class, make sure it is defined within a `@layer` directive.
[2m3:01:31 pm[22m [31m[1m[vite][22m[39m [31mInternal server error: [postcss] C:/Users/heman/Agro-connect-prototype/frontend/src/index.css:7:1: The `border-ink-200` class does not exist. If `border-ink-200` is a custom class, make sure it is defined within a `@layer` directive.[39m
  Plugin: [35mvite:css[39m
  File: [36mC:/Users/heman/Agro-connect-prototype/frontend/src/index.css[39m:7:0
[33m  5  |  @import url('https://fonts.googleapis.com/css2?family=Fraunces:opsz,wght@9..144,400;9..144,500;9..144,600;9..144,700&family=Inter:wght@400;500;600;700&display=swap');
  6  |  
  7  |  @tailwind base;
     |  ^
  8  |  @tailwind components;
  9  |  @tailwind utilities;[39m
      at Input.error (C:\Users\heman\Agro-connect-prototype\frontend\node_modules\postcss\lib\input.js:135:16)
      at AtRule.error (C:\Users\heman\Agro-connect-prototype\frontend\node_modules\postcss\lib\node.js:166:32)
      at processApply (C:\Users\heman\Agro-connect-prototype\frontend\node_modules\tailwindcss\lib\lib\expandApplyAtRules.js:380:29)
      at C:\Users\heman\Agro-connect-prototype\frontend\node_modules\tailwindcss\lib\lib\expandApplyAtRules.js:551:9
      at C:\Users\heman\Agro-connect-prototype\frontend\node_modules\tailwindcss\lib\processTailwindFeatures.js:55:50
      at async plugins (C:\Users\heman\Agro-connect-prototype\frontend\node_modules\tailwindcss\lib\plugin.js:38:17)
      at async LazyResult.runAsync (C:\Users\heman\Agro-connect-prototype\frontend\node_modules\postcss\lib\lazy-result.js:299:11)
      at async compileCSS (file:///C:/Users/heman/Agro-connect-prototype/frontend/node_modules/vite/dist/node/chunks/dep-BK3b2jBa.js:36898:21)
      at async TransformPluginContext.transform (file:///C:/Users/heman/Agro-connect-prototype/frontend/node_modules/vite/dist/node/chunks/dep-BK3b2jBa.js:36171:11)
      at async PluginContainer.transform (file:///C:/Users/heman/Agro-connect-prototype/frontend/node_modules/vite/dist/node/chunks/dep-BK3b2jBa.js:49099:18)
      at async loadAndTransform (file:///C:/Users/heman/Agro-connect-prototype/frontend/node_modules/vite/dist/node/chunks/dep-BK3b2jBa.js:51978:27)
      at async viteTransformMiddleware (file:///C:/Users/heman/Agro-connect-prototype/frontend/node_modules/vite/dist/node/chunks/dep-BK3b2jBa.js:62106:24)
[2m3:02:38 pm[22m [36m[1m[vite][22m[39m [32mhmr update [39m[2m/src/components/NetRealizationCard.jsx[22m
[2m3:02:39 pm[22m [31m[1m[vite][22m[39m [31mInternal server error: [postcss] C:/Users/heman/Agro-connect-prototype/frontend/src/index.css:7:1: The `border-ink-200` class does not exist. If `border-ink-200` is a custom class, make sure it is defined within a `@layer` directive.[39m
  Plugin: [35mvite:css[39m
  File: [36mC:/Users/heman/Agro-connect-prototype/frontend/src/index.css[39m:7:0
[33m  5  |  @import url('https://fonts.googleapis.com/css2?family=Fraunces:opsz,wght@9..144,400;9..144,500;9..144,600;9..144,700&family=Inter:wght@400;500;600;700&display=swap');
  6  |  
  7  |  @tailwind base;
     |  ^
  8  |  @tailwind components;
  9  |  @tailwind utilities;[39m
      at Input.error (C:\Users\heman\Agro-connect-prototype\frontend\node_modules\postcss\lib\input.js:135:16)
      at AtRule.error (C:\Users\heman\Agro-connect-prototype\frontend\node_modules\postcss\lib\node.js:166:32)
      at processApply (C:\Users\heman\Agro-connect-prototype\frontend\node_modules\tailwindcss\lib\lib\expandApplyAtRules.js:380:29)
      at C:\Users\heman\Agro-connect-prototype\frontend\node_modules\tailwindcss\lib\lib\expandApplyAtRules.js:551:9
      at C:\Users\heman\Agro-connect-prototype\frontend\node_modules\tailwindcss\lib\processTailwindFeatures.js:55:50
      at async plugins (C:\Users\heman\Agro-connect-prototype\frontend\node_modules\tailwindcss\lib\plugin.js:38:17)
      at async LazyResult.runAsync (C:\Users\heman\Agro-connect-prototype\frontend\node_modules\postcss\lib\lazy-result.js:299:11)
      at async compileCSS (file:///C:/Users/heman/Agro-connect-prototype/frontend/node_modules/vite/dist/node/chunks/dep-BK3b2jBa.js:36898:21)
      at async TransformPluginContext.transform (file:///C:/Users/heman/Agro-connect-prototype/frontend/node_modules/vite/dist/node/chunks/dep-BK3b2jBa.js:36171:11)
      at async PluginContainer.transform (file:///C:/Users/heman/Agro-connect-prototype/frontend/node_modules/vite/dist/node/chunks/dep-BK3b2jBa.js:49099:18)
      at async loadAndTransform (file:///C:/Users/heman/Agro-connect-prototype/frontend/node_modules/vite/dist/node/chunks/dep-BK3b2jBa.js:51978:27)
[2m3:02:39 pm[22m [31m[1m[vite][22m[39m Pre-transform error: [postcss] C:/Users/heman/Agro-connect-prototype/frontend/src/index.css:7:1: The `border-ink-200` class does not exist. If `border-ink-200` is a custom class, make sure it is defined within a `@layer` directive.
[2m3:04:05 pm[22m [36m[1m[vite][22m[39m [32mhmr update [39m[2m/src/components/SideNav.jsx[22m
[2m3:04:05 pm[22m [36m[1m[vite][22m[39m [32mhmr update [39m[2m/src/components/TopBar.jsx, /src/index.css[22m
[2m3:04:05 pm[22m [36m[1m[vite][22m[39m [32mhmr update [39m[2m/src/components/MandiMap.jsx[22m
[2m3:04:05 pm[22m [36m[1m[vite][22m[39m [32mhmr update [39m[2m/src/App.jsx, /src/index.css[22m
[2m3:04:05 pm[22m [31m[1m[vite][22m[39m Pre-transform error: [postcss] C:/Users/heman/Agro-connect-prototype/frontend/src/index.css:7:1: The `border-ink-200` class does not exist. If `border-ink-200` is a custom class, make sure it is defined within a `@layer` directive.
[2m3:04:05 pm[22m [31m[1m[vite][22m[39m [31mInternal server error: [postcss] C:/Users/heman/Agro-connect-prototype/frontend/src/index.css:7:1: The `border-ink-200` class does not exist. If `border-ink-200` is a custom class, make sure it is defined within a `@layer` directive.[39m
  Plugin: [35mvite:css[39m
  File: [36mC:/Users/heman/Agro-connect-prototype/frontend/src/index.css[39m:7:0
[33m  5  |  @import url('https://fonts.googleapis.com/css2?family=Fraunces:opsz,wght@9..144,400;9..144,500;9..144,600;9..144,700&family=Inter:wght@400;500;600;700&display=swap');
  6  |  
  7  |  @tailwind base;
     |  ^
  8  |  @tailwind components;
  9  |  @tailwind utilities;[39m
      at Input.error (C:\Users\heman\Agro-connect-prototype\frontend\node_modules\postcss\lib\input.js:135:16)
      at AtRule.error (C:\Users\heman\Agro-connect-prototype\frontend\node_modules\postcss\lib\node.js:166:32)
      at processApply (C:\Users\heman\Agro-connect-prototype\frontend\node_modules\tailwindcss\lib\lib\expandApplyAtRules.js:380:29)
      at C:\Users\heman\Agro-connect-prototype\frontend\node_modules\tailwindcss\lib\lib\expandApplyAtRules.js:551:9
      at C:\Users\heman\Agro-connect-prototype\frontend\node_modules\tailwindcss\lib\processTailwindFeatures.js:55:50
      at async plugins (C:\Users\heman\Agro-connect-prototype\frontend\node_modules\tailwindcss\lib\plugin.js:38:17)
      at async LazyResult.runAsync (C:\Users\heman\Agro-connect-prototype\frontend\node_modules\postcss\lib\lazy-result.js:299:11)
      at async compileCSS (file:///C:/Users/heman/Agro-connect-prototype/frontend/node_modules/vite/dist/node/chunks/dep-BK3b2jBa.js:36898:21)
      at async TransformPluginContext.transform (file:///C:/Users/heman/Agro-connect-prototype/frontend/node_modules/vite/dist/node/chunks/dep-BK3b2jBa.js:36171:11)
      at async PluginContainer.transform (file:///C:/Users/heman/Agro-connect-prototype/frontend/node_modules/vite/dist/node/chunks/dep-BK3b2jBa.js:49099:18)
      at async loadAndTransform (file:///C:/Users/heman/Agro-connect-prototype/frontend/node_modules/vite/dist/node/chunks/dep-BK3b2jBa.js:51978:27)
      at async viteTransformMiddleware (file:///C:/Users/heman/Agro-connect-prototype/frontend/node_modules/vite/dist/node/chunks/dep-BK3b2jBa.js:62106:24)
[2m3:04:35 pm[22m [36m[1m[vite][22m[39m [32mhmr update [39m[2m/src/pages/Login.jsx, /src/index.css[22m
[2m3:04:35 pm[22m [36m[1m[vite][22m[39m [32mhmr update [39m[2m/src/pages/Login.jsx, /src/index.css[22m
[2m3:04:35 pm[22m [31m[1m[vite][22m[39m Pre-transform error: [postcss] C:/Users/heman/Agro-connect-prototype/frontend/src/index.css:7:1: The `border-ink-200` class does not exist. If `border-ink-200` is a custom class, make sure it is defined within a `@layer` directive.
[2m3:04:35 pm[22m [31m[1m[vite][22m[39m [31mInternal server error: [postcss] C:/Users/heman/Agro-connect-prototype/frontend/src/index.css:7:1: The `border-ink-200` class does not exist. If `border-ink-200` is a custom class, make sure it is defined within a `@layer` directive.[39m
  Plugin: [35mvite:css[39m
  File: [36mC:/Users/heman/Agro-connect-prototype/frontend/src/index.css[39m:7:0
[33m  5  |  @import url('https://fonts.googleapis.com/css2?family=Fraunces:opsz,wght@9..144,400;9..144,500;9..144,600;9..144,700&family=Inter:wght@400;500;600;700&display=swap');
  6  |  
  7  |  @tailwind base;
     |  ^
  8  |  @tailwind components;
  9  |  @tailwind utilities;[39m
      at Input.error (C:\Users\heman\Agro-connect-prototype\frontend\node_modules\postcss\lib\input.js:135:16)
      at AtRule.error (C:\Users\heman\Agro-connect-prototype\frontend\node_modules\postcss\lib\node.js:166:32)
      at processApply (C:\Users\heman\Agro-connect-prototype\frontend\node_modules\tailwindcss\lib\lib\expandApplyAtRules.js:380:29)
      at C:\Users\heman\Agro-connect-prototype\frontend\node_modules\tailwindcss\lib\lib\expandApplyAtRules.js:551:9
      at C:\Users\heman\Agro-connect-prototype\frontend\node_modules\tailwindcss\lib\processTailwindFeatures.js:55:50
      at async plugins (C:\Users\heman\Agro-connect-prototype\frontend\node_modules\tailwindcss\lib\plugin.js:38:17)
      at async LazyResult.runAsync (C:\Users\heman\Agro-connect-prototype\frontend\node_modules\postcss\lib\lazy-result.js:299:11)
      at async compileCSS (file:///C:/Users/heman/Agro-connect-prototype/frontend/node_modules/vite/dist/node/chunks/dep-BK3b2jBa.js:36898:21)
      at async TransformPluginContext.transform (file:///C:/Users/heman/Agro-connect-prototype/frontend/node_modules/vite/dist/node/chunks/dep-BK3b2jBa.js:36171:11)
      at async PluginContainer.transform (file:///C:/Users/heman/Agro-connect-prototype/frontend/node_modules/vite/dist/node/chunks/dep-BK3b2jBa.js:49099:18)
      at async loadAndTransform (file:///C:/Users/heman/Agro-connect-prototype/frontend/node_modules/vite/dist/node/chunks/dep-BK3b2jBa.js:51978:27)
      at async viteTransformMiddleware (file:///C:/Users/heman/Agro-connect-prototype/frontend/node_modules/vite/dist/node/chunks/dep-BK3b2jBa.js:62106:24)
[2m3:05:03 pm[22m [36m[1m[vite][22m[39m [32mpage reload [39m[2msrc/redux/slices/buyerSlice.js[22m
[2m3:05:04 pm[22m [36m[1m[vite][22m[39m [32mpage reload [39m[2msrc/redux/slices/fpoSlice.js[22m
[2m3:05:04 pm[22m [31m[1m[vite][22m[39m Pre-transform error: [postcss] C:/Users/heman/Agro-connect-prototype/frontend/src/index.css:7:1: The `border-ink-200` class does not exist. If `border-ink-200` is a custom class, make sure it is defined within a `@layer` directive.
[2m3:05:04 pm[22m [31m[1m[vite][22m[39m [31mInternal server error: [postcss] C:/Users/heman/Agro-connect-prototype/frontend/src/index.css:7:1: The `border-ink-200` class does not exist. If `border-ink-200` is a custom class, make sure it is defined within a `@layer` directive.[39m
  Plugin: [35mvite:css[39m
  File: [36mC:/Users/heman/Agro-connect-prototype/frontend/src/index.css[39m:7:0
[33m  5  |  @import url('https://fonts.googleapis.com/css2?family=Fraunces:opsz,wght@9..144,400;9..144,500;9..144,600;9..144,700&family=Inter:wght@400;500;600;700&display=swap');
  6  |  
  7  |  @tailwind base;
     |  ^
  8  |  @tailwind components;
  9  |  @tailwind utilities;[39m
      at Input.error (C:\Users\heman\Agro-connect-prototype\frontend\node_modules\postcss\lib\input.js:135:16)
      at AtRule.error (C:\Users\heman\Agro-connect-prototype\frontend\node_modules\postcss\lib\node.js:166:32)
      at processApply (C:\Users\heman\Agro-connect-prototype\frontend\node_modules\tailwindcss\lib\lib\expandApplyAtRules.js:380:29)
      at C:\Users\heman\Agro-connect-prototype\frontend\node_modules\tailwindcss\lib\lib\expandApplyAtRules.js:551:9
      at C:\Users\heman\Agro-connect-prototype\frontend\node_modules\tailwindcss\lib\processTailwindFeatures.js:55:50
      at async plugins (C:\Users\heman\Agro-connect-prototype\frontend\node_modules\tailwindcss\lib\plugin.js:38:17)
      at async LazyResult.runAsync (C:\Users\heman\Agro-connect-prototype\frontend\node_modules\postcss\lib\lazy-result.js:299:11)
      at async compileCSS (file:///C:/Users/heman/Agro-connect-prototype/frontend/node_modules/vite/dist/node/chunks/dep-BK3b2jBa.js:36898:21)
      at async TransformPluginContext.transform (file:///C:/Users/heman/Agro-connect-prototype/frontend/node_modules/vite/dist/node/chunks/dep-BK3b2jBa.js:36171:11)
      at async PluginContainer.transform (file:///C:/Users/heman/Agro-connect-prototype/frontend/node_modules/vite/dist/node/chunks/dep-BK3b2jBa.js:49099:18)
      at async loadAndTransform (file:///C:/Users/heman/Agro-connect-prototype/frontend/node_modules/vite/dist/node/chunks/dep-BK3b2jBa.js:51978:27)
      at async viteTransformMiddleware (file:///C:/Users/heman/Agro-connect-prototype/frontend/node_modules/vite/dist/node/chunks/dep-BK3b2jBa.js:62106:24)
[2m5:14:13 pm[22m [31m[1m[vite][22m[39m [31mInternal server error: [postcss] C:/Users/heman/Agro-connect-prototype/frontend/src/index.css:7:1: The `border-ink-200` class does not exist. If `border-ink-200` is a custom class, make sure it is defined within a `@layer` directive.[39m
  Plugin: [35mvite:css[39m
  File: [36mC:/Users/heman/Agro-connect-prototype/frontend/src/index.css[39m:7:0
[33m  5  |  @import url('https://fonts.googleapis.com/css2?family=Fraunces:opsz,wght@9..144,400;9..144,500;9..144,600;9..144,700&family=Inter:wght@400;500;600;700&display=swap');
  6  |  
  7  |  @tailwind base;
     |  ^
  8  |  @tailwind components;
  9  |  @tailwind utilities;[39m
      at Input.error (C:\Users\heman\Agro-connect-prototype\frontend\node_modules\postcss\lib\input.js:135:16)
      at AtRule.error (C:\Users\heman\Agro-connect-prototype\frontend\node_modules\postcss\lib\node.js:166:32)
      at processApply (C:\Users\heman\Agro-connect-prototype\frontend\node_modules\tailwindcss\lib\lib\expandApplyAtRules.js:380:29)
      at C:\Users\heman\Agro-connect-prototype\frontend\node_modules\tailwindcss\lib\lib\expandApplyAtRules.js:551:9
      at C:\Users\heman\Agro-connect-prototype\frontend\node_modules\tailwindcss\lib\processTailwindFeatures.js:55:50
      at async plugins (C:\Users\heman\Agro-connect-prototype\frontend\node_modules\tailwindcss\lib\plugin.js:38:17)
      at async LazyResult.runAsync (C:\Users\heman\Agro-connect-prototype\frontend\node_modules\postcss\lib\lazy-result.js:299:11)
      at async compileCSS (file:///C:/Users/heman/Agro-connect-prototype/frontend/node_modules/vite/dist/node/chunks/dep-BK3b2jBa.js:36898:21)
      at async TransformPluginContext.transform (file:///C:/Users/heman/Agro-connect-prototype/frontend/node_modules/vite/dist/node/chunks/dep-BK3b2jBa.js:36171:11)
      at async PluginContainer.transform (file:///C:/Users/heman/Agro-connect-prototype/frontend/node_modules/vite/dist/node/chunks/dep-BK3b2jBa.js:49099:18)
      at async loadAndTransform (file:///C:/Users/heman/Agro-connect-prototype/frontend/node_modules/vite/dist/node/chunks/dep-BK3b2jBa.js:51978:27)
      at async viteTransformMiddleware (file:///C:/Users/heman/Agro-connect-prototype/frontend/node_modules/vite/dist/node/chunks/dep-BK3b2jBa.js:62106:24)
